# q-vSZP basis set in CP2K BASIS_SET format
# Converted from basisq.
# The source basis carries charge/environment-dependent coefficient columns.
# CP2K BASIS_SET files are static, so this file uses the first contraction coefficient column.
#
H qvSZP q-vSZP
  2
   1 0 0   8 1
      337.005012218500       0.000879795140
       53.310531051500       0.006917416526
       12.208253481400       0.034245408476
        3.418826909800       0.143386442786
        1.108790125800       0.386719184972
        0.478717798300       0.505046100202
        0.212137087700       0.651854283196
        0.069058108600       0.385592605553
   2 1 1   3 1
        1.483583936100       0.213774144408
        0.337258894300       0.518242823860
        0.086416701100       0.828085134935
#
He qvSZP q-vSZP
  2
   1 0 0   8 1
      372.146673326300       0.002447352021
       57.481718077300       0.018450339440
       13.206965201900       0.090919577699
        3.856111275100       0.293228951646
        1.208215638700       0.601859985740
        0.457378643200       0.633218243995
        0.238937515700       0.027348566163
        0.186802176700       0.376105406388
   2 1 1   2 1
        0.792651115200       0.028360297058
        0.174511234300       0.999597765879
#
Li qvSZP q-vSZP
  3
   1 0 0   5 1
        3.491059767100       0.009160162772
        0.572703873400      -0.169272897932
        0.141966537200       0.007790972530
        0.072336256200       0.408674567210
        0.030480987400       0.896764838911
   2 1 1   5 1
        4.737937160600       0.002123430307
        1.500912988700       0.035800007944
        0.447197269200       0.098451586448
        0.152139308500       0.376526927941
        0.057782090300       0.920461084531
   3 2 2   2 1
        0.365942514500       0.094157075529
        0.091687463000       0.995557354012
#
Be qvSZP q-vSZP
  3
   1 0 0   6 1
        7.293190657500       0.011172459059
        1.236112322600      -0.250079492152
        0.399960087300       0.091133412465
        0.175912635000       0.615005348576
        0.065270703600       0.741942398624
        0.019074248400       0.017889193475
   2 1 1   4 1
        2.751164391800       0.048824209222
        0.653633506400       0.207520945539
        0.212000733500       0.497308234210
        0.059041562800       0.840973111308
   3 2 2   2 1
        0.464909549500       0.231384563621
        0.089462329300       0.972862366277
#
B qvSZP q-vSZP
  3
   1 0 0   6 1
        1.544058904000      -0.541116783229
        1.208972188200       0.418707860964
        0.301866990400       0.521398599350
        0.120796892000       0.478595733515
        0.113282186400       0.114521450501
        0.077690403400       0.133606945579
   2 1 1   5 1
        8.820890186600       0.021257331941
        2.307072993900       0.111772372330
        0.678553531600       0.440425278988
        0.242207271200       0.531522942481
        0.083223150800       0.714537611233
   3 2 2   2 1
        0.678535972900       0.344052841353
        0.171438509300       0.938950287479
#
C qvSZP q-vSZP
  3
   1 0 0   6 1
        2.208627629100      -0.627873064099
        1.917958949000       0.533975908502
        0.497153036800       0.384623901152
        0.192182467300       0.393982056480
        0.150531183200       0.031230458753
        0.078188677300       0.128500571201
   2 1 1   6 1
       24.597335635700       0.007695543434
        6.488160866500       0.065084475464
        2.226358674400       0.218459661559
        0.776897003100       0.557329266378
        0.283424721400       0.535430000558
        0.098628257300       0.592181534056
   3 2 2   3 1
        3.240573886000       0.070433833626
        0.757912668700       0.409592356360
        0.172942901900       0.909545588023
#
N qvSZP q-vSZP
  3
   1 0 0   6 1
        2.695073096100      -0.629598717999
        2.249470212800       0.595187707642
        0.611851695800       0.397752968614
        0.303726665600       0.256962368840
        0.171628270400       0.137173915282
        0.071549134300       0.079393204316
   2 1 1   6 1
       27.547640172000       0.016512540882
        7.126566278200       0.114331920956
        2.358055204000       0.344881645962
        0.845047262300       0.652661049939
        0.301063057900       0.616189625480
        0.094574525800       0.249110612914
   3 2 2   3 1
        2.207167526900       0.165285807660
        0.663446703200       0.667530363120
        0.187226498100       0.726005382969
#
O qvSZP q-vSZP
  3
   1 0 0   6 1
        3.483594943100      -0.612049722244
        2.859865764400       0.602769917362
        0.740681029000       0.439129658900
        0.344926919200       0.215004797557
        0.261978532900       0.128136927237
        0.094616350400       0.081133050016
   2 1 1   6 1
       37.641471325500       0.017675587367
        9.713088561700       0.116799288076
        3.137177147600       0.349787505425
        1.121380516200       0.612992037089
        0.398077926500       0.643859539210
        0.123047771000       0.270887166914
   3 2 2   3 1
        3.702553940600       0.126073210578
        0.919040616400       0.778544172263
        0.289397461500       0.614796321890
#
F qvSZP q-vSZP
  3
   1 0 0   6 1
        6.818838793100      -0.483157468419
        5.193406807200       0.305016210095
        1.344316026700       0.547314390001
        0.678953808500       0.342057498437
        0.429417650000       0.480532966750
        0.174027072100       0.161417676908
   2 1 1   6 1
       54.425798806500       0.017153070212
       15.063620047600       0.100270653751
        4.817000259000       0.303025085074
        1.724865223500       0.577977716657
        0.586881973800       0.676086148223
        0.191952805400       0.326613908496
   3 2 2   2 1
        1.914953194300       0.314682755183
        0.522057996400       0.949196904541
#
Ne qvSZP q-vSZP
  3
   1 0 0   6 1
        8.892316049000      -0.445705445852
        7.662759397800       0.287595310163
        1.784234659700       0.503692289063
        0.699176751900       0.660721968109
        0.308312613900       0.154757712488
        0.212976442700       0.066529710142
   2 1 1   6 1
       73.494404118400       0.014191310776
       18.910216811800       0.101993841966
        6.187066976700       0.306260455493
        2.220990393100       0.583995663535
        0.754883430500       0.673552675894
        0.244885096800       0.317610223497
   3 2 2   2 1
        2.009187302800       0.210479611102
        0.406431103500       0.977598247395
#
Na qvSZP q-vSZP
  3
   1 0 0   4 1
        2.126196927700       0.017078161255
        0.540520760600      -0.234819097731
        0.073110733300       0.365968368263
        0.026782269200       0.900352975882
   2 1 1   4 1
        0.430346173800      -0.098790253653
        0.255636809200       0.083165744093
        0.086096784400       0.259721944606
        0.026388207700       0.957010165193
   3 2 2   2 1
        0.397134666600       0.110171817568
        0.100822656500       0.993912556825
#
Mg qvSZP q-vSZP
  3
   1 0 0   4 1
        2.190729527100       0.048824544333
        0.844995324200      -0.313057267700
        0.123872360500       0.614889732929
        0.050426438000       0.722164750835
   2 1 1   3 1
        0.861898261600      -0.019383323773
        0.173319425300       0.131707785591
        0.056270131300       0.991099059617
   3 2 2   2 1
        0.477198411400       0.025507542634
        0.117209561300       0.999674629701
#
Al qvSZP q-vSZP
  3
   1 0 0   5 1
        3.196131617200       0.041723773831
        1.047024466900      -0.358864849020
        0.377093798800       0.106546407244
        0.163208917500       0.695433160583
        0.064073209100       0.611960561720
   2 1 1   4 1
        0.944948749100      -0.123374695946
        0.398394973800       0.269122028153
        0.152735014400       0.553157548605
        0.059235482500       0.778696824691
   3 2 2   2 1
        0.597068399800       0.245892207694
        0.172442666400       0.969297179504
#
Si qvSZP q-vSZP
  3
   1 0 0   5 1
        4.480989462300       0.041434579471
        1.311833190400      -0.396375103040
        0.304929850200       0.460682164635
        0.201074890100       0.408659992222
        0.076953288600       0.679660876657
   2 1 1   4 1
        1.203691540500      -0.103187378148
        0.488459699500       0.341580633849
        0.183780109800       0.737910729112
        0.065047765500       0.572854947986
   3 2 2   2 1
        1.062530337600       0.178006614705
        0.288559755300       0.984029290784
#
P qvSZP q-vSZP
  3
   1 0 0   5 1
        8.017534440900       0.028468011201
        1.444496351600      -0.389900326938
        0.455236309800       0.465514913169
        0.193539108600       0.755369976919
        0.067414327400       0.244702617432
   2 1 1   5 1
        1.170746191200      -0.188416873539
        0.773598460600       0.374255048895
        0.331076281600       0.627429791229
        0.160885302600       0.552328820991
        0.067139193700       0.354537685900
   3 2 2   2 1
        1.603474147400       0.234850176065
        0.362898789100       0.972031581175
#
S qvSZP q-vSZP
  3
   1 0 0   5 1
        7.536441398500       0.040661404748
        1.929468941000      -0.402521670791
        0.522122211300       0.512111721801
        0.230523799400       0.736283057377
        0.086261504100       0.178750660195
   2 1 1   5 1
        1.643425977900      -0.256623445576
        1.151987016600       0.383862853276
        0.427417111100       0.634748602809
        0.194123676900       0.569138970444
        0.086125908000       0.244885198838
   3 2 2   2 1
        1.568337673400       0.265021530203
        0.358887291200       0.964242494671
#
Cl qvSZP q-vSZP
  3
   1 0 0   5 1
       16.440152486700       0.019128631703
        2.128319752000      -0.393815278365
        0.703992235700       0.481687471139
        0.293331702200       0.751286456994
        0.111220983000       0.219293095332
   2 1 1   5 1
        2.678356938700      -0.145470208478
        1.672483543800       0.170233901684
        0.652054787900       0.600878463238
        0.261667772700       0.693922298694
        0.103142592900       0.327529774149
   3 2 2   2 1
        2.072663045000       0.262835519170
        0.476339449900       0.964840655167
#
Ar qvSZP q-vSZP
  3
   1 0 0   5 1
       16.931103974400       0.009154661226
        2.293011455100      -0.601994133848
        1.777506172400       0.441959126326
        0.473525455100       0.620692923733
        0.172864419900       0.238603604489
   2 1 1   5 1
        3.241554701900      -0.081645415484
        1.120495246200       0.498064320441
        0.440448646200       0.755673006585
        0.234943929000       0.265486638670
        0.125495468300       0.322088668912
   3 2 2   2 1
        1.767057413000       0.315136306893
        0.372273934700       0.949046420402
#
K qvSZP q-vSZP
  3
   1 0 0   4 1
        0.909629177500       0.056231830354
        0.307515353600      -0.346739706365
        0.045293238900       0.419451181329
        0.020239120500       0.837060489909
   2 1 1   3 1
        0.209755549500      -0.050901671346
        0.081719586100       0.239328782459
        0.021952229300       0.969603400232
   3 2 2   2 1
        0.616047696500       0.336559056302
        0.135375338900       0.941662360733
#
Ca qvSZP q-vSZP
  3
   1 0 0   4 1
        0.720763980500       0.260258042909
        0.521836664400      -0.471724939465
        0.051009637400       0.841429855529
        0.036512913900       0.041678901290
   2 1 1   3 1
        0.345448339200      -0.077798271988
        0.084498672300       0.511886003964
        0.024809751900       0.855523318105
   3 2 2   3 1
        1.578888262100       0.250237114052
        0.475736190900       0.590063024108
        0.126649143200       0.767598211522
#
Sc qvSZP q-vSZP
  3
   1 0 0   5 1
        0.754930875700       0.149199684155
        0.503478090300      -0.459291828920
        0.094576596000       0.459803401466
        0.042532538800       0.745192859191
        0.013912851800       0.007674942826
   2 1 1   2 1
        0.511608799500      -0.100888250188
        0.088074805500       0.994897764081
   3 2 2   6 1
       25.664707751600       0.018194728343
        8.169787703900       0.079125735785
        3.064905456000       0.240946213882
        1.132135171200       0.470298045680
        0.381436653300       0.612933777006
        0.121230088800       0.581794572892
#
Ti qvSZP q-vSZP
  3
   1 0 0   5 1
        0.971446846100       0.077762813049
        0.535959255900      -0.387859255859
        0.224365293800       0.009198940883
        0.110022247900       0.422055335104
        0.044859793400       0.815660968877
   2 1 1   3 1
        0.573935271600      -0.121381563975
        0.120985366100       0.440797998044
        0.070440935700       0.889361366851
   3 2 2   6 1
       40.969682046000       0.013210719292
       10.954448962000       0.093559959145
        3.604891992500       0.311240162139
        1.298995028500       0.555185914271
        0.440960842400       0.598941913019
        0.143434610800       0.476695665847
#
V qvSZP q-vSZP
  3
   1 0 0   5 1
        0.902872989800       0.098613893067
        0.569844774400      -0.417483105087
        0.303801289000       0.024802094699
        0.113423940800       0.595163206621
        0.036049116600       0.679079355189
   2 1 1   3 1
        0.763168391900      -0.110906687853
        0.124861358900       0.567138049633
        0.056110558000       0.816121399823
   3 2 2   6 1
       41.170394521400       0.018354756878
       11.790504959400       0.109900100841
        4.045171350600       0.348579340753
        1.498153811800       0.593460598479
        0.527516035100       0.601305338487
        0.179770392500       0.390274162474
#
Cr qvSZP q-vSZP
  3
   1 0 0   5 1
        1.095138280800       0.003441571508
        0.290810287200       0.127223305897
        0.470998866200      -0.387909055145
        0.111723976600       0.550888289270
        0.031047452500       0.727908678135
   2 1 1   3 1
        0.779377674100      -0.076104032827
        0.125221310700       0.407280612146
        0.022820351400       0.910126737964
   3 2 2   6 1
       49.631485195700       0.016967055570
       13.822666715300       0.108075912707
        4.791972193500       0.337677416641
        1.811112019300       0.579671018633
        0.646167580700       0.628590781094
        0.216146607600       0.377969335383
#
Mn qvSZP q-vSZP
  3
   1 0 0   5 1
        1.393962550800       0.033777146207
        0.689209457700      -0.320873869749
        0.258234372000       0.004188732564
        0.131058559100       0.484019161882
        0.055104973900       0.813392260571
   2 1 1   3 1
        0.803380436400      -0.083558806758
        0.164795494700       0.555752233691
        0.046987952000       0.827138066202
   3 2 2   6 1
       53.437438442000       0.018873729995
       15.622012271900       0.109338755419
        5.562182310000       0.344990499399
        2.090837978100       0.607996174674
        0.740502011900       0.605981859977
        0.248735843100       0.363038580821
#
Fe qvSZP q-vSZP
  3
   1 0 0   5 1
        1.657215417600       0.048940091290
        0.813134927400      -0.305898856341
        0.412570059000       0.003311052875
        0.104318370500       0.873557485703
        0.018540839500       0.375389282287
   2 1 1   3 1
        0.881753076600      -0.132830545749
        0.152402674100       0.629655801754
        0.040931193300       0.765434267219
   3 2 2   6 1
       53.687331763100       0.022745127639
       15.656302987900       0.127030473849
        5.572828440600       0.374846857345
        2.095316521100       0.600834154882
        0.741079062900       0.594500650102
        0.245687776500       0.358333708680
#
Co qvSZP q-vSZP
  3
   1 0 0   5 1
        1.497402922000       0.058922950062
        0.830627454500      -0.330211321770
        0.405231125600       0.003384249106
        0.117819597300       0.834517953129
        0.028067988400       0.437100562451
   2 1 1   3 1
        0.995562024900      -0.089425373033
        0.163627329700       0.406243064202
        0.056876075000       0.909378730478
   3 2 2   6 1
       59.742895602500       0.022437994387
       18.070649497400       0.121661442892
        6.526136270900       0.364879879604
        2.480121783300       0.596290266310
        0.893283871900       0.595869383215
        0.296297687700       0.375413504861
#
Ni qvSZP q-vSZP
  3
   1 0 0   5 1
        1.430951009200       0.159026144656
        1.021697587100      -0.389854437029
        0.290372450400       0.020136072203
        0.101000889100       0.893639650295
        0.022664864100       0.154035441572
   2 1 1   3 1
        1.139380023600      -0.135278033377
        0.167025335200       0.750517415102
        0.062672194500       0.646856601817
   3 2 2   6 1
       65.297976577100       0.023709595137
       18.494581464700       0.144559188889
        6.451899210900       0.416285846281
        2.368269486900       0.627771381393
        0.809171779800       0.585136863910
        0.237107213000       0.262229924665
#
Cu qvSZP q-vSZP
  3
   1 0 0   5 1
        1.457582844300       0.096039505635
        0.933299156000      -0.421618269603
        0.329473290500       0.024560716328
        0.148086734300       0.706561713053
        0.053322680500       0.559626451265
   2 1 1   3 1
        0.982717103000      -0.137042117343
        0.190703740500       0.727783751622
        0.069895164900       0.671974902023
   3 2 2   6 1
       68.387960854400       0.025404482662
       20.462313168800       0.137746721349
        7.439983193800       0.390825102806
        2.828999842600       0.602404739821
        1.011010106400       0.576673293024
        0.312177964700       0.363583050469
#
Zn qvSZP q-vSZP
  3
   1 0 0   5 1
        1.820466322400       0.157742459470
        1.132745820700      -0.411862643404
        0.315046004900       0.017602573047
        0.148617277200       0.718837733228
        0.051293142200       0.537074428881
   2 1 1   3 1
        1.223753021000      -0.052446513067
        0.183640111800       0.488270986121
        0.047405964800       0.871114692437
   3 2 2   2 1
        0.189504804000       0.110915066142
        0.062655726400       0.993829888916
#
Ga qvSZP q-vSZP
  3
   1 0 0   5 1
        3.211459229400       0.188473561540
        1.743792492900      -0.501452243012
        0.179470998600       0.230152939407
        0.200292498700       0.580542931590
        0.067889464500       0.568351030299
   2 1 1   4 1
        1.087089631400      -0.304860439413
        0.802019222900       0.287850227638
        0.202212100100       0.437819689924
        0.069099298400       0.795308919883
   3 2 2   2 1
        0.374730133900       0.021088538204
        0.104605883500       0.999777612050
#
Ge qvSZP q-vSZP
  3
   1 0 0   6 1
        3.226750247700       0.236287078722
        1.906321881700      -0.561816015537
        0.285352731800       0.232966667310
        0.194364347900       0.702054915711
        0.072104998400       0.137248702882
        0.060340095100       0.250078791426
   2 1 1   5 1
        1.209299975600      -0.345237949802
        0.804056783500       0.323394401591
        0.229021787100       0.671851074146
        0.079712747100       0.450077060150
        0.073709474600       0.349676412032
   3 2 2   2 1
        0.383763386400       0.288246050371
        0.137692516000       0.957556376641
#
As qvSZP q-vSZP
  3
   1 0 0   6 1
        3.419926920600       0.181041752816
        1.884089680400      -0.545213170819
        0.364442007600       0.346996253886
        0.221555046500       0.687447664108
        0.127964287700       0.095179983682
        0.070692531700       0.260608061485
   2 1 1   5 1
        1.342133976400      -0.443667213236
        0.960796445500       0.402551011065
        0.333482922700       0.479874294334
        0.170202776700       0.551888411910
        0.065975011300       0.325963080466
   3 2 2   2 1
        0.286138295700       0.923210107888
        0.080284131500       0.384295585056
#
Se qvSZP q-vSZP
  3
   1 0 0   6 1
        3.700535957600       0.230703790285
        2.188182554600      -0.587229032906
        0.356890492300       0.675423952951
        0.189601010000       0.338871974102
        0.129250917000       0.148085208586
        0.068755285300       0.094746313950
   2 1 1   5 1
        1.462049743000      -0.367688899719
        1.030079252400       0.369648542183
        0.368282059500       0.573385506091
        0.185101678600       0.558893096807
        0.080243306200       0.295012535383
   3 2 2   2 1
        0.315397913600       0.955588903183
        0.111279989400       0.294702982872
#
Br qvSZP q-vSZP
  3
   1 0 0   6 1
        4.601898181700       0.140106884434
        2.269591308300      -0.530757494749
        0.429514141900       0.694948033516
        0.243440779000       0.383323624013
        0.142347815700       0.252087908649
        0.076662777700       0.072308083928
   2 1 1   5 1
        1.767977556300      -0.398778797559
        1.318671592100       0.351672939153
        0.468756992500       0.552098369524
        0.208733811300       0.577211104403
        0.090130655700       0.281631578144
   3 2 2   2 1
        0.452443753700       0.720955704516
        0.180974195200       0.692981148463
#
Kr qvSZP q-vSZP
  3
   1 0 0   6 1
        4.154912947700       0.290416198101
        2.816855035000      -0.612099919728
        0.462161682200       0.667285742215
        0.220231265600       0.286687745941
        0.167488346000       0.112649113560
        0.068461137400       0.029020198595
   2 1 1   5 1
        2.078737815700      -0.349547030156
        1.484167549700       0.294397328778
        0.563082212200       0.553846478901
        0.251935599400       0.631985153375
        0.103778064900       0.291540615077
   3 2 2   2 1
        0.488308948000       0.600586120816
        0.173789475600       0.799560073717
#
Rb qvSZP q-vSZP
  3
   1 0 0   4 1
        0.557061359800       0.260357135308
        0.348392376800      -0.530105963255
        0.030804504200       0.592762784177
        0.016673660000       0.547571101785
   2 1 1   3 1
        0.163692057700      -0.161024785768
        0.074957906600       0.155879821776
        0.022424243600       0.974562722215
   3 2 2   2 1
        0.344466110700       0.356375244540
        0.090946505900       0.934342916214
#
Sr qvSZP q-vSZP
  3
   1 0 0   4 1
        0.634772894700       0.221657388910
        0.382206654600      -0.540983733217
        0.054095434300       0.713933565500
        0.028546861900       0.385361474966
   2 1 1   3 1
        0.195259766600      -0.255513747045
        0.104269840300       0.471914130992
        0.034208798800       0.843806718414
   3 2 2   3 1
        0.807695857000       0.174595411161
        0.275083806000       0.463284514392
        0.087010918600       0.868840549886
#
Y qvSZP q-vSZP
  3
   1 0 0   5 1
        0.961280696500       0.035554310258
        0.321899277900      -0.424900720301
        0.101666716200       0.415080849105
        0.028318124200       0.038625794162
        0.035907201400       0.802752269160
   2 1 1   2 1
        0.337908304200      -0.168386363238
        0.074725409200       0.985721072452
   3 2 2   6 1
        8.543137385300      -0.011027263489
        2.047980938700       0.042287998501
        0.928037214600       0.287114081711
        0.383333914000       0.574064344967
        0.157503132600       0.482002008789
        0.070005461400       0.594793930775
#
Zr qvSZP q-vSZP
  3
   1 0 0   5 1
        0.509787986300       0.118930941533
        0.340716312600      -0.546951986797
        0.322471516200       0.056713009394
        0.156476740900       0.277527346114
        0.048482298800       0.778756163385
   2 1 1   3 1
        0.321599740800      -0.148342858348
        0.136703848500       0.216275706401
        0.058886898400       0.964997002689
   3 2 2   6 1
        9.944566672600      -0.012187539196
        2.282064938100       0.068708735742
        0.935196266500       0.439763494301
        0.377986264900       0.676283002677
        0.155692670000       0.468814899332
        0.063335661700       0.352976674946
#
Nb qvSZP q-vSZP
  3
   1 0 0   5 1
        0.765210606800       0.091095314767
        0.426215158600      -0.474771911396
        0.220157860000       0.062997454016
        0.110766331800       0.405288409670
        0.047607952800       0.773347206339
   2 1 1   3 1
        0.375957662500      -0.177590689183
        0.132169663900       0.319411200135
        0.060470055100       0.930826531822
   3 2 2   6 1
       10.186593390700      -0.015729888002
        1.872447824000       0.174009823390
        0.897911757700       0.506034871412
        0.393834929600       0.699673387175
        0.162525789600       0.414628674429
        0.073684957500       0.227908039619
#
Mo qvSZP q-vSZP
  3
   1 0 0   5 1
        0.720950762800       0.158718371112
        0.463105810800      -0.578094229542
        0.129454085000       0.622700957045
        0.045610783900       0.284114788721
        0.036170126900       0.414894981130
   2 1 1   3 1
        0.327124692700      -0.396170077938
        0.210266176700       0.499781398248
        0.061519726800       0.770238809274
   3 2 2   6 1
       11.441310519500      -0.017907248002
        3.266835914600       0.057584775706
        1.309965350600       0.487752799649
        0.556029947200       0.685558392269
        0.242485401100       0.469605719947
        0.110055282800       0.260654347926
#
Tc qvSZP q-vSZP
  3
   1 0 0   5 1
        0.979915399600       0.053279588075
        0.457477363900      -0.488122428824
        0.113618533400       0.632667949675
        0.327841629100       0.079813713002
        0.048047598000       0.593513956571
   2 1 1   2 1
        0.510095207500      -0.138936259489
        0.102145071200       0.990301325759
   3 2 2   6 1
       13.293332315700      -0.018316401163
        4.520348024800       0.038300807564
        1.642185040700       0.424092717690
        0.767069771600       0.646849471179
        0.346544600300       0.564512448853
        0.140940278200       0.285051541157
#
Ru qvSZP q-vSZP
  3
   1 0 0   5 1
        1.049052821000       0.115859238603
        0.600099817700      -0.443803709172
        0.116960488200       0.582115738555
        0.083088756100       0.043544040443
        0.039094436500       0.669970214281
   2 1 1   3 1
        0.528172168200      -0.140356306451
        0.134994682500       0.475712292381
        0.041891442000       0.868330537363
   3 2 2   6 1
       14.157044446300      -0.018668757685
        3.862452240000       0.052735995398
        1.720584372000       0.452732109012
        0.809299380800       0.634882366476
        0.354173927600       0.559227361605
        0.135827105000       0.275849902148
#
Rh qvSZP q-vSZP
  3
   1 0 0   5 1
        1.063843917100       0.198674243463
        0.701430990500      -0.530143288944
        0.135659855500       0.532445650587
        0.070751314500       0.114915171525
        0.046311474500       0.618686326579
   2 1 1   3 1
        0.519034750300      -0.190405317891
        0.142221826800       0.558244114473
        0.048224321200       0.807532862226
   3 2 2   6 1
       17.292477541200      -0.017690775822
        5.221006877900       0.050349473416
        1.806515847400       0.541709021679
        0.791347888700       0.669879791903
        0.338223377500       0.475969659094
        0.131697219200       0.168574170118
#
Pd qvSZP q-vSZP
  3
   1 0 0   5 1
        1.030714348900       0.160265536176
        0.655850160600      -0.534582012776
        0.147546378700       0.478972680233
        0.067923801600       0.658673936921
        0.023796325400       0.158968065794
   2 1 1   3 1
        0.621904281300      -0.198065757320
        0.134670433700       0.791940533284
        0.052133137500       0.577581290832
   3 2 2   6 1
       18.212268735500      -0.016034958179
        3.481547303700       0.124874563693
        1.754765383100       0.551630189664
        0.814597602900       0.627387438534
        0.362580928600       0.495468181048
        0.136838589800       0.201865402805
#
Ag qvSZP q-vSZP
  3
   1 0 0   5 1
        1.414826840300       0.057019840492
        0.658913696100      -0.393893238724
        0.130521789400       0.622954735192
        0.073714542900       0.076887175990
        0.041698050400       0.669038574634
   2 1 1   3 1
        0.573632130800      -0.240336139960
        0.161073864700       0.670875600592
        0.074232809900       0.701544345255
   3 2 2   6 1
       17.558567778200      -0.019667280138
        4.490286541000       0.050986461486
        2.297320959200       0.460188668413
        1.067735809600       0.675313673337
        0.442001859400       0.536515637313
        0.168254250900       0.203328261253
#
Cd qvSZP q-vSZP
  3
   1 0 0   5 1
        1.611007320800       0.120073649788
        0.797875422200      -0.441160591282
        0.218255092100       0.040275211941
        0.128106222300       0.715299418594
        0.045919540200       0.526957588795
   2 1 1   3 1
        0.755365321700      -0.105636193871
        0.161398077700       0.443571353930
        0.044304223400       0.889991824972
   3 2 2   2 1
        0.095611129700       0.066600632334
        0.047045832800       0.997779713049
#
In qvSZP q-vSZP
  3
   1 0 0   5 1
        1.331296215100       0.370076223957
        0.953166904500      -0.698589837348
        0.319332469300       0.165335051751
        0.143773917300       0.444943516980
        0.061230433000       0.386917840083
   2 1 1   4 1
        1.442784300300       0.248082837278
        1.209329693000      -0.362561925471
        0.192186782700       0.395250214998
        0.061123873800       0.806709999684
   3 2 2   2 1
        0.103668101400       0.268982186137
        0.080215656600       0.963145151855
#
Sn qvSZP q-vSZP
  3
   1 0 0   6 1
        2.272732746200       0.217279549576
        1.201145123500      -0.633995924936
        0.421351713300       0.121549617606
        0.180886344500       0.551827596710
        0.133537252600       0.361629406083
        0.048817929400       0.317450675107
   2 1 1   5 1
        2.310818103500       0.126154994504
        1.601482884200      -0.278173927068
        0.218085190100       0.736482062402
        0.080562809900       0.490482834062
        0.059328879500       0.351745568432
   3 2 2   2 1
        0.192995532700       0.563609475135
        0.089052803800       0.826041378829
#
Sb qvSZP q-vSZP
  3
   1 0 0   6 1
        1.950645825500       0.418733370224
        1.401010252800      -0.735397470965
        0.338144622600       0.153659447229
        0.223280783900       0.253751177535
        0.146475220700       0.419719611912
        0.051182862000       0.140312101806
   2 1 1   5 1
        2.068605162500       0.169839668099
        1.387767052800      -0.395291187388
        0.278412830000       0.603405918010
        0.132572581800       0.579039914630
        0.055934751400       0.339872681587
   3 2 2   2 1
        0.185772267300       0.964995400044
        0.156527990700       0.262266806695
#
Te qvSZP q-vSZP
  3
   1 0 0   6 1
        2.267914192100       0.331571358412
        1.593070831100      -0.633275881369
        0.335593222200       0.097401482667
        0.218903704300       0.655590756203
        0.180455051500       0.034717093176
        0.078460208800       0.220296453338
   2 1 1   5 1
        2.320869841400       0.194517197203
        1.552044621100      -0.434964462121
        0.359610084000       0.462524884992
        0.165834450600       0.676170929429
        0.065201439000       0.319112177208
   3 2 2   2 1
        0.188194837600       0.956720681345
        0.041296628700       0.291007796953
#
I qvSZP q-vSZP
  3
   1 0 0   6 1
        2.582978602500       0.333163793557
        1.635204800300      -0.732486163708
        0.333978908400       0.365887720015
        0.271973023400       0.251637961806
        0.208023331800       0.279842830072
        0.099593734500       0.277413787717
   2 1 1   5 1
        0.937145817900      -0.543618516597
        0.664745622900       0.608194249259
        0.214823113500       0.487731815336
        0.188797051200       0.104412125837
        0.082705898500       0.292906892831
   3 2 2   2 1
        0.247402903700       0.888469019451
        0.124002381000       0.458936598537
#
Xe qvSZP q-vSZP
  3
   1 0 0   6 1
        2.665608513000       0.360556921471
        1.764285186900      -0.724367461439
        0.387627230800       0.438259592438
        0.336294878200       0.081955924342
        0.180231403300       0.375808102806
        0.071566567300       0.072598299944
   2 1 1   5 1
        1.036686448600      -0.582305079434
        0.772696551500       0.640216254933
        0.275307136900       0.318544498228
        0.185395612800       0.336196021591
        0.077471313800       0.191168980487
   3 2 2   2 1
        0.205756406000       0.596933666756
        0.065863547300       0.802290594170
#
Cs qvSZP q-vSZP
  3
   1 0 0   4 1
        0.349486155300       0.541116538759
        0.292211950200      -0.707190946804
        0.023187689600       0.388945950227
        0.019826947100       0.236209449519
   2 1 1   3 1
        0.123353040300      -0.240952769340
        0.098312652800       0.174673879449
        0.021454899300       0.954688849199
   3 2 2   2 1
        0.237477952200       0.312071331750
        0.070776432200       0.950058673925
#
Ba qvSZP q-vSZP
  3
   1 0 0   4 1
        0.418141083800       0.453978125597
        0.333914165400      -0.657629229381
        0.035984120300       0.596155121843
        0.027642923800       0.077632009137
   2 1 1   3 1
        0.131336479000      -0.481642744020
        0.107203919900       0.629750239856
        0.026903121900       0.609454594317
   3 2 2   3 1
        0.345370633300      -0.025622842635
        0.123532486100       0.839205166806
        0.038603817500       0.543210970012
#
La qvSZP q-vSZP
  3
   1 0 0   4 1
        0.448491482800       0.062078413498
        0.217218186400      -0.486559570563
        0.084731306200       0.388796748174
        0.034719833800       0.779899444467
   2 1 1   2 1
        0.196600128300      -0.273761591552
        0.061251329500       0.961797583170
   3 2 2   5 1
        2.990810108100      -0.016716583670
        0.466442648100       0.432314616745
        0.315306701400      -0.013768557383
        0.173472974000       0.621317978940
        0.064995503000       0.653145484446
#
Ce qvSZP q-vSZP
  9
   1 0 0   8 1
      294.224164348000      -0.000859497425
      137.921862940300       0.008661491906
       70.820707160000      -0.029786567712
       25.893991905000       0.188989925907
       10.351369640100      -0.676433215251
        3.671963333400       0.555235780475
        1.882965976300       0.441605380320
        0.594490836000       0.049556327243
   1 0 0   8 1
       52.729414163500       0.012985410096
       33.742840832100      -0.038160154131
       21.259024165000      -0.041581739593
        9.669720139500       0.361187524975
        3.493902381900      -0.494481072168
        1.672944237700      -0.377164274022
        0.571445416900       0.621699534016
        0.255822966700       0.304819588557
   1 0 0   7 1
        7.626729850900      -0.119903633114
        3.841973311400       0.175951002581
        1.337540763800       0.214819589239
        0.463872257500      -0.493599227344
        0.285146806600      -0.158185992944
        0.049382326300       0.774126581131
        0.016639505700       0.201449592515
   2 1 1   8 1
      329.184663795600       0.000174013062
       42.706832101100      -0.005962439810
       30.892991502900       0.045873204648
       11.365109483500      -0.381219747397
        4.895064635200       0.558494476179
        2.331529195300       0.721046781444
        1.013816651100       0.143318181576
        0.509380842400      -0.012920146965
   2 1 1   7 1
       35.844857020600      -0.010191116284
       10.799883091200       0.176004874456
        5.237383541800      -0.290257757120
        2.386552093500      -0.425293149638
        0.998620134100       0.187170614556
        0.469964521700       0.742573345594
        0.190177466800       0.342558876808
   2 1 1   4 1
        2.703246271200       0.108041095833
        0.826829402600      -0.085284352274
        0.324178361200      -0.202158426752
        0.032321678700       0.969631719449
   3 2 2   7 1
       36.319735522100       0.015631882022
       15.965362528600      -0.092150942993
        7.547109801300       0.245445247388
        3.815192845700       0.749351064490
        1.696958201000       0.600458979109
        0.642962596600       0.093764366787
        0.168583040300      -0.012276749612
   3 2 2   7 1
       14.774418569700       0.018414175566
        8.463734437500      -0.044536150744
        4.067273137200      -0.202554959839
        2.001672220600      -0.076302269819
        0.495824393500       0.527349153801
        0.157707524400       0.778177878430
        0.041555378200       0.259169752843
   4 3 3   7 1
       33.245422616900       0.058942189383
       11.564749055600       0.257542082335
        4.443322693700       0.504262343820
        1.749881863100       0.570856479075
        0.652048170500       0.501535549308
        0.241315277900       0.249161608066
        0.081549704900       0.190842471388
#
Pr qvSZP q-vSZP
  9
   1 0 0   8 1
      278.426642375000      -0.000810951811
      131.206018157600       0.012182547686
       71.017094909000      -0.037920204750
       26.839226157400       0.210695310969
       11.234143308400      -0.677168759659
        3.714595215500       0.565551396062
        1.978040738800       0.416145322562
        0.901854202800       0.049372378527
   1 0 0   8 1
       54.552006555100       0.014701318094
       36.455698376900      -0.032941225505
       22.765423024500      -0.048510715304
       10.064360186000       0.366645363114
        3.929826441100      -0.503864099902
        1.608112472700      -0.354138928073
        0.596305444700       0.622479367176
        0.249401755200       0.308452040047
   1 0 0   7 1
        6.815263004400      -0.167000275839
        3.617678857100       0.223156953495
        1.825971527500       0.252726039082
        0.625211113600      -0.467752377123
        0.311160950900      -0.187553458922
        0.049715134500       0.756034563838
        0.011655909700       0.181341068627
   2 1 1   8 1
      344.178925796400       0.000191151277
       45.917781327500      -0.006624405383
       33.624671775300       0.045257926548
       11.971815713400      -0.351682510726
        4.711444465800       0.631174788272
        2.309416303900       0.675390846837
        0.972839040400       0.139489412966
        0.666957960500      -0.015346230076
   2 1 1   7 1
       37.042138795000      -0.010300632419
       10.940732724500       0.186265807718
        5.579463691900      -0.312112725966
        2.467721017200      -0.417175181086
        0.999268889800       0.182826500029
        0.499439009200       0.726925826628
        0.200884049700       0.363184214816
   2 1 1   4 1
        3.613262117100       0.095035063019
        1.084578400700      -0.073267487133
        0.206728482200      -0.301831507692
        0.044096827800       0.945779019164
   3 2 2   7 1
       44.553321410800       0.013470513023
       14.600916559900      -0.085515646246
        7.946038652800       0.279930190782
        3.913465704200       0.768383354816
        1.753008943200       0.561483462644
        0.769968702400       0.091319175851
        0.191583763700      -0.011351526584
   3 2 2   6 1
       11.528637225000      -0.015836510481
        4.532422531700      -0.228202141647
        1.812784913000      -0.082652759483
        0.533877685300       0.550028429987
        0.177477923300       0.747158740032
        0.053424017000       0.282955919241
   4 3 3   7 1
       38.385118682500       0.052364382045
       13.795106192500       0.239763669483
        5.160500775900       0.538163560642
        1.920896712800       0.612585814297
        0.694701652200       0.475559705406
        0.224968774300       0.195273901358
        0.081523572700       0.102961286171
#
Nd qvSZP q-vSZP
  9
   1 0 0   8 1
      262.052141972100      -0.000927894880
      133.962065411700       0.009687286633
       60.411160586600      -0.046546089742
       27.909705062400       0.237662572481
       12.097037689400      -0.671235667660
        3.745130548400       0.576261312822
        2.002599165000       0.394282399744
        0.630454413600       0.056233670674
   1 0 0   8 1
       57.489621774100       0.012766074466
       33.958154031300      -0.039512218212
       24.811864689200      -0.046082721612
       10.909353658500       0.372652723800
        3.918859039100      -0.483942239622
        2.062036213500      -0.368268385878
        0.578505262800       0.629441192270
        0.279245986200       0.302099705917
   1 0 0   7 1
        7.630902791500      -0.128201274867
        3.816659957000       0.185691919443
        1.846256811200       0.173294049980
        0.486544711000      -0.478561067874
        0.265020040400      -0.156414717655
        0.055394491600       0.786555514814
        0.020799875200       0.216555487000
   2 1 1   8 1
      420.703498922300       0.000169691445
       42.508591340900      -0.007146443589
       35.351563810900       0.045354891942
       12.375393744400      -0.340235644283
        5.082347105000       0.593843994053
        2.472021241900       0.714722983693
        1.034622802000       0.135692046998
        0.583583157900      -0.015478222595
   2 1 1   7 1
       41.949195464600      -0.009761312806
       11.145467580400       0.190408734512
        6.474367946500      -0.272818425949
        2.771850272000      -0.432787634511
        1.063098573900       0.200724237124
        0.502538120600       0.733265515253
        0.214403745000       0.352059178609
   2 1 1   4 1
        2.659692732600       0.124334743405
        1.230128205600      -0.124021624890
        0.186591788300      -0.274335634292
        0.042242659800       0.945462568217
   3 2 2   7 1
       49.192578925600       0.015394853948
       13.774870978800      -0.079959864957
        8.636261874800       0.272356737540
        4.206689290700       0.757270374121
        1.878603666400       0.579718146525
        0.772621191700       0.097313576158
        0.188892484900      -0.013774793908
   3 2 2   6 1
        9.948507635500      -0.018921958220
        4.849000057100      -0.206539286954
        2.113835442200      -0.082212361361
        0.550112214600       0.550841889728
        0.165016786000       0.735604172207
        0.059675219500       0.325091255548
   4 3 3   7 1
       38.696607259500       0.063908811855
       14.029856564700       0.264865607318
        5.468167972200       0.540381340306
        2.096614632900       0.623893794810
        0.775250107400       0.455029073383
        0.275039072100       0.184115286669
        0.091386366500       0.059636543026
#
Pm qvSZP q-vSZP
  9
   1 0 0   8 1
      326.244178035700      -0.000779859455
      152.096814360900       0.009178102020
       64.064253033100      -0.045681707636
       29.352881504800       0.235682575960
       12.824192415900      -0.652292510024
        3.675510350900       0.650470252848
        1.931179095200       0.301997029570
        0.885664100200       0.049827551580
   1 0 0   8 1
       50.937966971500       0.017599868276
       35.833629318300      -0.040244680185
       25.305038920700      -0.053534634062
       11.458438706600       0.372626622127
        4.117947466700      -0.492568831335
        2.066403107100      -0.357549151124
        0.602715179900       0.629479543633
        0.300370222300       0.299406260568
   1 0 0   7 1
        8.373314795000      -0.127608893180
        3.978410554900       0.203606479512
        1.836418716700       0.174195205132
        0.546643010500      -0.492394509352
        0.291668148400      -0.143935282508
        0.060080948600       0.780258309745
        0.016288979300       0.199859085547
   2 1 1   8 1
      494.492077540500       0.000389437331
       38.681524107000      -0.006061912793
       38.319523117600       0.039020632264
       12.437740759900      -0.338134616305
        5.243279126100       0.648820933954
        2.488070888600       0.668506647581
        1.052491036800       0.126416969981
        0.723965050100      -0.015952447147
   2 1 1   7 1
       41.764853368700      -0.012237618113
       11.904008206800       0.187735376142
        6.569003943800      -0.280594865841
        2.942394259800      -0.442677865076
        0.991124799400       0.202370403294
        0.520473575700       0.731982490542
        0.204504293400       0.336387205008
   2 1 1   4 1
        3.406810515300       0.091300040307
        1.017399322300      -0.079983424200
        0.235432311400      -0.270266368567
        0.043838917100       0.955103682599
   3 2 2   7 1
       51.925804022000       0.020674154680
       10.810772341300      -0.087306176651
        8.719765368200       0.319947352941
        4.332964924900       0.743109601968
        1.928217126900       0.573931765166
        0.764041448000       0.088707710014
        0.225622906600      -0.010261226735
   3 2 2   7 1
       11.041055202000      -0.033540893140
        8.195206308000       0.025138345738
        5.152680595500      -0.211765856784
        1.673174325900      -0.082546580097
        0.546876516200       0.503312567320
        0.190224672500       0.780174286241
        0.046346756100       0.290841707364
   4 3 3   7 1
       40.992400765300       0.068144643720
       14.684838374800       0.285834044364
        5.654130060600       0.554787388932
        2.212122579100       0.606490532384
        0.840105847800       0.446180882916
        0.312337687100       0.182074156804
        0.085289156900       0.076203772675
#
Sm qvSZP q-vSZP
  9
   1 0 0   8 1
      358.703336257600      -0.000849337300
      163.377060156700       0.010216431139
       71.363503227500      -0.033944364947
       27.821091863900       0.254545252578
       13.874516912200      -0.639175515359
        3.482804347000       0.698773873806
        1.889357198100       0.183701250947
        0.794415309100       0.058077378490
   1 0 0   8 1
       42.696141850500       0.014617770895
       33.788340173900      -0.029224698700
       27.798101607000      -0.058904064532
       12.275903692100       0.339843367211
        4.028896628000      -0.477731503433
        2.176618183400      -0.346351539562
        0.608060657000       0.693116439688
        0.340585817200       0.226653606655
   1 0 0   7 1
        9.969367574400      -0.073464002064
        3.184509019400       0.144557390147
        2.575655624200       0.115361362592
        0.418388736400      -0.516127645935
        0.526712879200      -0.102551420027
        0.078144721200       0.822599731932
        0.021891207500       0.082602044480
   2 1 1   7 1
      495.461128528500       0.000226692709
       43.777007526500       0.031630380306
       13.170835577500      -0.287990878968
        4.845978104500       0.785696983091
        2.287508614100       0.537487001500
        1.069931334500       0.098916762357
        0.460190832000      -0.008010579755
   2 1 1   7 1
       52.113028370000      -0.011452102901
       12.720427816900       0.145111781513
        5.748328051500      -0.360841050257
        2.940886120700      -0.419740689655
        1.200269446400       0.176474259406
        0.648053667100       0.730374414437
        0.320258591600       0.328379293814
   2 1 1   4 1
        3.901249413900       0.299972105901
        1.064329654000      -0.459423436789
        0.257218421600      -0.207230359916
        0.143842229800       0.809939762785
   3 2 2   6 1
       52.793434652100       0.027465219978
        9.340966567100       0.209159547289
        4.690587921500       0.769341750958
        2.047698367600       0.595774618068
        0.811759181700       0.092459380449
        0.353028681000      -0.010727680731
   3 2 2   6 1
       11.331695218200      -0.052231423976
        5.263841222700      -0.214123282696
        3.018884874500      -0.077519893990
        0.619711301300       0.549677844858
        0.215833815700       0.795170885802
        0.056688934500       0.104743942254
   4 3 3   7 1
       45.509138614000       0.066315898581
       16.349566735000       0.292111569894
        6.299263328200       0.576400860762
        2.468232855000       0.615799123344
        0.961976643300       0.423903896761
        0.357835173400       0.135868079935
        0.053619528200       0.025920472548
#
Eu qvSZP q-vSZP
  9
   1 0 0   8 1
      311.089029703100      -0.000916697147
      201.269913456500       0.010415989469
       70.863475638400      -0.042721115267
       31.311697626600       0.239178810113
       13.842996365400      -0.667131852945
        4.248934816600       0.569589767436
        2.189378507600       0.409802922281
        0.565210714800       0.058508310879
   1 0 0   8 1
       60.925640743300       0.017388404002
       47.673436240400      -0.036981229539
       18.470421761400      -0.039850204522
       11.233937352800       0.339190035532
        5.123800500500      -0.420804771760
        2.064268138400      -0.386244635977
        0.680218961600       0.678197690126
        0.300501354600       0.308995843683
   1 0 0   7 1
        9.375143818200      -0.136693475254
        4.645252767600       0.189226545325
        2.186311714200       0.208602877678
        0.614274907000      -0.501265349847
        0.332136503000      -0.112466053315
        0.056228212100       0.758200027561
        0.015752237700       0.251416391459
   2 1 1   7 1
      347.574315420600       0.003390510613
       53.851876099600       0.027023686201
       12.871426752700      -0.278875040381
        5.237670446100       0.742409513394
        2.401921000700       0.602470062114
        0.920014934300       0.084161130827
        0.869408811600      -0.016179598596
   2 1 1   7 1
       48.038453346800      -0.010497311298
       12.394209333600       0.178385132421
        8.588473215700      -0.236454522695
        3.375230064800      -0.355309531589
        1.204867297100       0.202680339683
        0.588174328800       0.759667389492
        0.250449383200       0.409559621659
   2 1 1   4 1
        2.148466048800       0.085795919739
        0.877207406800      -0.088921997950
        0.219432913400      -0.305599020603
        0.051960578200       0.944108668027
   3 2 2   6 1
       54.812255473100       0.030518935712
       10.630738907700       0.183618158402
        5.050657846100       0.770661115594
        2.192126844500       0.600450656102
        0.924127566200       0.104095927765
        0.265090276600      -0.007580157516
   3 2 2   6 1
       13.447401669900      -0.041661676548
        4.915514659000      -0.197338764313
        0.952622751600      -0.089790831681
        0.568389425000       0.592659539591
        0.170470045500       0.742734078330
        0.041934836400       0.219909259405
   4 3 3   7 1
       46.264773965100       0.067660865025
       16.724070912700       0.293108408998
        6.531658133800       0.549683092161
        2.583587789400       0.605136750797
        0.966738561300       0.457123488654
        0.323407742200       0.170142977848
        0.057777191100       0.057069800733
#
Gd qvSZP q-vSZP
  9
   1 0 0   8 1
      319.403575473300      -0.000539165836
      194.286005329100       0.008713417624
       82.087834787200      -0.024395362600
       27.619311237700       0.298885028431
       15.570523827200      -0.679612573960
        4.011512507600       0.621457064510
        2.038437815300       0.247355311523
        0.904207077700       0.027011254414
   1 0 0   8 1
       43.890980520600       0.019307918141
       38.301730219400      -0.042090088084
       24.665487790500      -0.060302459184
       12.943585017300       0.367889310200
        4.764083639100      -0.473436366390
        2.220764866900      -0.365643124845
        0.691818252700       0.637154155766
        0.326610013400       0.308341355745
   1 0 0   7 1
        9.335445121000      -0.115482985772
        4.408227996600       0.180790568421
        1.955802229900       0.196003108402
        0.641970470700      -0.457418157588
        0.390963229900      -0.138971785799
        0.050723670900       0.806735229510
        0.016750162000       0.190249765291
   2 1 1   7 1
      349.361961794400       0.003844960186
       59.597049392300       0.023413515770
       11.422817853200      -0.378814209884
        6.604669286300       0.647985542500
        2.819193741900       0.651514801640
        1.144671790400       0.106968229433
        1.023082384800      -0.011739497342
   2 1 1   7 1
       69.285427578100      -0.008269532690
       11.938316919100       0.174646501489
        8.755685642900      -0.241568139322
        3.523332336700      -0.309714641048
        1.173295877700       0.226500627455
        0.590046093500       0.783074784208
        0.231702826000       0.388127862479
   2 1 1   4 1
        2.833052062800       0.073830400082
        1.086084385300      -0.081138824496
        0.195141865300      -0.217485516977
        0.035653315600       0.969879174479
   3 2 2   7 1
       57.185791010400       0.035861910332
       12.717650227200       0.248840749096
       11.331196203100      -0.115506598398
        5.599493411500       0.745629728275
        2.333927360200       0.599168392289
        0.935334542100       0.091450165550
        0.198665816500      -0.010992903074
   3 2 2   6 1
       16.389970212700      -0.033612539190
        5.148075375000      -0.202759195822
        1.076642677500      -0.083978320277
        0.635628350600       0.563958901814
        0.174221014800       0.762935929386
        0.045740705400       0.224912587818
   4 3 3   7 1
       50.244937709000       0.067163212870
       18.392184281400       0.289516734624
        7.233647374600       0.552981103648
        2.879921584800       0.606019071884
        1.111082785700       0.448635082691
        0.388717048900       0.186885300408
        0.088637013500       0.049217819956
#
Tb qvSZP q-vSZP
  9
   1 0 0   8 1
      256.108756024700      -0.000354821254
      160.344124050600       0.012577399731
       90.700191678200      -0.028364153073
       27.784555298000       0.296501048537
       15.780559806800      -0.661042280100
        3.894001722500       0.657477086583
        1.557194361600       0.203756991258
        0.345346244300       0.018824431137
   1 0 0   8 1
       62.061878547400       0.018196404925
       43.393820280600      -0.034767774513
       29.470324306300      -0.059793386568
       14.005224954900       0.313410196341
        4.315893819200      -0.464311605537
        2.359579346000      -0.299420337104
        0.621351518900       0.728882363740
        0.319528575800       0.245258204709
   1 0 0   7 1
        8.765485341300      -0.099241068487
        3.778785615400       0.174552207152
        2.284271681400       0.123123291991
        0.532687895800      -0.454361180869
        0.338685360300      -0.106323705190
        0.054568774300       0.834764627709
        0.013713433600       0.173039289277
   2 1 1   7 1
      306.165994084400       0.005591970920
       53.781933339900       0.034758402361
       39.291961569600      -0.005272301105
       12.904946546800      -0.295695777403
        6.042925881700       0.732365784980
        2.524340100300       0.609562458005
        0.667114867100       0.058058248125
   2 1 1   7 1
       91.978087725600      -0.010591735767
       11.815099397900       0.176428534106
        7.537745534900      -0.331564352652
        3.458336150900      -0.323945032769
        1.149273976200       0.202573476256
        0.624009272800       0.759086455957
        0.248461617600       0.369644724542
   2 1 1   4 1
        3.473163324100       0.082994660756
        1.098037136200      -0.086538262022
        0.223310872400      -0.306942678157
        0.056144953400       0.944144696441
   3 2 2   7 1
       63.020514350100       0.040908219500
       15.445824312900       0.241175571492
       13.129431866900      -0.116301169333
        6.073616208800       0.726099837928
        2.467244609900       0.624514014007
        0.902940705600       0.096584067588
        0.220671928600      -0.008227324131
   3 2 2   7 1
       18.425737620500      -0.046827120375
        7.852747885500       0.018584122647
        5.641723404800      -0.224586319843
        1.441544581600      -0.066764973405
        0.698952240600       0.513179551129
        0.191235861800       0.781590767428
        0.042964165900       0.261396050128
   4 3 3   7 1
       50.892367524400       0.072075056000
       18.484903209700       0.311114000692
        7.134462622600       0.575376412835
        2.745740643100       0.609069767239
        1.018733125700       0.414676781441
        0.356446789700       0.146376972185
        0.078313629900       0.051051111760
#
Dy qvSZP q-vSZP
  9
   1 0 0   8 1
      378.627191761100      -0.000198409029
      180.120706689300       0.009700324062
       89.645641857400      -0.025894356235
       29.045874615100       0.313485557125
       16.992481496600      -0.666332782911
        4.082989827600       0.644207744070
        1.643927582900       0.204197091877
        0.154488775100       0.016208167774
   1 0 0   8 1
       45.330622741700       0.019295613653
       35.784466403900      -0.050810947936
       30.383773362600      -0.048302723881
       14.846409199500       0.313071537513
        4.642519938800      -0.431340072615
        2.627992451000      -0.323253046866
        0.666060798700       0.731422333896
        0.293457682400       0.266783742112
   1 0 0   7 1
        9.913061380600      -0.103118106408
        4.641548912800       0.165394481140
        2.416639180600       0.122707032182
        0.548596799700      -0.414102592262
        0.336552183000      -0.156225414664
        0.058287098800       0.860147927389
        0.015313163100       0.105889149091
   2 1 1   8 1
      312.541923948000       0.007877796422
       61.835879628600       0.037390410082
       55.727516200300      -0.004021920906
       11.756951083400      -0.354921582470
        6.976999131400       0.681657674461
        2.906939484800       0.632004105162
        0.991245756000       0.088275755193
        0.666736305000      -0.025988631320
   2 1 1   7 1
      112.956109861300      -0.007034591009
       11.418736200200       0.188244302212
        9.642405332300      -0.265402823235
        3.982114899500      -0.207022538071
        1.397248857600       0.218502462634
        0.672230578700       0.784962361016
        0.264649346600       0.432791373499
   2 1 1   4 1
        4.045801397500       0.070619061031
        0.922265174100      -0.098388263037
        0.187348934100      -0.267909201703
        0.050955105700       0.955801944735
   3 2 2   7 1
       72.874188238700       0.039694098825
       19.317217438200       0.221610123304
       16.792539450600      -0.092684277155
        6.708896568100       0.693859645543
        2.714382651500       0.666809059534
        0.999256540000       0.120685762639
        0.274066310500      -0.009075992618
   3 2 2   6 1
       28.770153572900      -0.035831095372
        6.692366066600      -0.215823971467
        2.504663945500      -0.046444366297
        0.659907708400       0.510132858402
        0.224620044900       0.658513440036
        0.062335940100       0.506066777071
   4 3 3   7 1
       57.471167511200       0.063144354422
       21.208142490700       0.288201732531
        8.383215100200       0.537365521737
        3.340330744500       0.610627558923
        1.259370370400       0.463844002138
        0.435404708800       0.183154165948
        0.143559251100       0.051265245329
#
Ho qvSZP q-vSZP
  9
   1 0 0   8 1
      550.832663803200      -0.000170720319
      146.902438052600       0.014047186633
       96.183841733700      -0.032574634018
       32.035100722500       0.291780976416
       18.071207691100      -0.644703707662
        4.212764695800       0.684762759381
        1.738375873000       0.169684030328
        0.116326875500       0.016426349768
   1 0 0   8 1
       69.633686389700       0.006134123830
       37.962231977700      -0.037991165988
       28.600563708400      -0.039956133175
       15.965973713300       0.269892758589
        5.028570525200      -0.408340164353
        2.730825029800      -0.269210743003
        0.692509336900       0.795813853936
        0.293530989800       0.227034459996
   1 0 0   7 1
       10.120957989500      -0.119306626677
        5.361101486300       0.168162151403
        2.822116855100       0.127452055006
        0.586385754800      -0.448865165222
        0.283539606000      -0.124023253417
        0.063260940900       0.836542215241
        0.018626856200       0.156776310464
   2 1 1   7 1
      322.904180726500       0.007197136051
       63.223529756200       0.031026587060
       11.329989806600      -0.502286453496
        8.808813385800       0.655835647600
        3.341077822700       0.555306662825
        1.065812801800       0.086999147871
        0.643226691500      -0.025281071796
   2 1 1   7 1
      130.303328231300      -0.005358047458
       11.731050125500       0.158520077006
       10.492821729300      -0.227117548270
        3.970700599200      -0.171341252734
        1.783085066500       0.252227080397
        0.688678754300       0.810234679556
        0.289196650200       0.416897751076
   2 1 1   4 1
        3.741904164100       0.092826689103
        1.018306581800      -0.137509664540
        0.182631209900      -0.293750557835
        0.062613002200       0.941373946803
   3 2 2   7 1
       92.079901549400       0.034324124685
       26.135705551900       0.231360324737
       25.183396769800      -0.093370647078
        7.850909980500       0.604751618107
        3.293500769600       0.725023907132
        1.323515699400       0.212360344559
        0.214756653100      -0.009750661981
   3 2 2   6 1
       29.924600721200      -0.038529419392
        6.637803986600      -0.193290841547
        1.419396505500      -0.060281012976
        0.688460006400       0.500284423334
        0.190424413200       0.758513731474
        0.049311428000       0.363170412924
   4 3 3   7 1
       62.586963771200       0.056781899065
       23.123709951500       0.277608579733
        9.127699440400       0.531602509551
        3.624301634400       0.610091996300
        1.378183879500       0.468635884835
        0.477022495900       0.206464167896
        0.131051797900       0.051466252114
#
Er qvSZP q-vSZP
  9
   1 0 0   8 1
      340.265012062000      -0.000341310050
      174.553410665000       0.008080450312
       87.296120664800      -0.031433804387
       33.437354600700       0.314142695015
       19.272117920000      -0.651542371234
        4.380712571800       0.669521993632
        1.776538301000       0.165035327788
        0.142174491100       0.016032842966
   1 0 0   8 1
       51.783654429700       0.014301929852
       39.204543661400      -0.040141696010
       33.483633658400      -0.044472832219
       16.675620619000       0.272361531445
        5.324439394800      -0.404610098726
        2.643301119900      -0.304817678366
        0.758401734100       0.776717621596
        0.318410951000       0.249222891590
   1 0 0   7 1
       11.704901231600      -0.096127680974
        4.849127763400       0.177954953190
        2.726878478600       0.113766638883
        0.636942026000      -0.442205470914
        0.445118939800      -0.116711842797
        0.061179617200       0.845453338246
        0.016449352200       0.148963000630
   2 1 1   8 1
      345.951684892200       0.008419487877
       83.372317261500      -0.004165168475
       72.566492531700       0.039164866482
       11.377699458100      -0.429087631193
        7.966201706900       0.710251332646
        3.203257778100       0.548428553337
        1.114933387500       0.077020261737
        0.623162575300      -0.055666212616
   2 1 1   7 1
      139.224256134300      -0.005097419527
       11.962386628800       0.140698110845
       10.501001643100      -0.221859026140
        3.880963158200      -0.129943572857
        1.806922129100       0.237584497228
        0.718469561300       0.841365614757
        0.267207651700       0.386948067954
   2 1 1   4 1
        2.554098859600       0.130949701526
        1.102146315800      -0.182781358671
        0.211185058200      -0.243882066723
        0.057179413700       0.943379397763
   3 2 2   7 1
      104.139304748300       0.037313545908
       28.400807818500       0.305674317448
       26.620403998600      -0.143174712528
        8.907011574400       0.527071231709
        3.634776507700       0.738861922625
        1.460913654900       0.246397125030
        0.177120629600      -0.015470792279
   3 2 2   6 1
       39.163463840400      -0.036258322367
        8.494781048900      -0.156864593407
        3.316489743300      -0.070929712413
        0.671883161600       0.514607879158
        0.182119178300       0.752233635636
        0.044142624800       0.371982657415
   4 3 3   7 1
       63.342999652400       0.055936679075
       23.500738117200       0.280119835813
        9.432141320300       0.539944857808
        3.740488625100       0.612435513720
        1.450443197000       0.445493589957
        0.519630560100       0.224396096023
        0.143204460800       0.054480372387
#
Tm qvSZP q-vSZP
  9
   1 0 0   8 1
      312.546077637800      -0.000434575423
       67.423999656000      -0.025020665321
       47.639720412300       0.014791390676
       33.267372165600       0.291672890727
       19.181462461000      -0.673746801100
        4.875868345200       0.636343708162
        2.227862686700       0.234466647695
        0.361118175500       0.015467425035
   1 0 0   8 1
       38.139824092000      -0.045838353457
       26.623913471400       0.022203689767
       18.443344145900      -0.063254269358
       15.704616258800       0.293293415387
        5.917088007000      -0.369116246462
        2.832738911700      -0.319594979001
        0.779048281600       0.775979818339
        0.306729675600       0.258556142719
   1 0 0   7 1
       10.993497744100      -0.101263097977
        4.380032447500       0.231438916094
        1.814901103000       0.162083582257
        0.863181894200      -0.450208489113
        0.376130467900      -0.181420731288
        0.057420365500       0.800980791447
        0.017911476300       0.180940133167
   2 1 1   8 1
      456.934225836800       0.000582787726
       92.137117719900      -0.003687101644
       84.608604112900       0.022278595210
       10.010540618800      -0.360205346859
        7.843810132900       0.487138010256
        2.340699604100       0.404998339252
        0.578018931400       0.684275299749
        0.510893376300      -0.013492822188
   2 1 1   7 1
      392.187651709400      -0.005065772765
       12.122151964000      -0.214013179968
       11.485890513900       0.228901359397
        8.854019466800      -0.117430501502
        1.817865756000       0.382679115869
        0.624061663200       0.694364239865
        0.494488953500       0.509315166085
   2 1 1   4 1
        3.424811742300       0.076835402706
        1.068072404000      -0.077722335066
        0.298659394300      -0.286716597499
        0.071466226600       0.951761079390
   3 2 2   6 1
      114.567324246100       0.037177758998
       33.280084560200       0.171595914656
       10.045466495700       0.493971468075
        4.079056384300       0.793666269948
        1.611057432400       0.308246978636
        0.164823851900      -0.015572319824
   3 2 2   6 1
       34.170166037500      -0.043192305387
        7.194240354000      -0.179513512838
        0.999368821500      -0.056482283113
        0.708326649400       0.459986085116
        0.215587246200       0.722786695985
        0.057497186000       0.478237669747
   4 3 3   7 1
       64.165136917800       0.062684361340
       23.803032025800       0.297763859907
        9.488568779200       0.542681463653
        3.773667591200       0.606191902198
        1.411851588500       0.454799320020
        0.476833925700       0.189533720477
        0.137068114600       0.051673093632
#
Yb qvSZP q-vSZP
  9
   1 0 0   8 1
      251.429516410900      -0.000524657210
      158.488109375300       0.012242270829
       92.784724088600      -0.040803708467
       37.568474249300       0.291655071896
       20.573625326700      -0.618150515821
        4.467034458700       0.714572479552
        1.227756682700       0.141838606773
        0.127164925600       0.016737647328
   1 0 0   8 1
       58.525892728900       0.015780265485
       45.038524783000      -0.053174961010
       20.829851806200      -0.037531487926
       16.464116322700       0.281612156818
        6.001657105400      -0.387479591310
        2.954870686600      -0.269331858130
        0.738850579600       0.813537881063
        0.272170173400       0.178003988378
   1 0 0   7 1
       10.895556291800      -0.145668168098
        5.691553147400       0.238442046430
        2.423594580400       0.136708842429
        0.741374998400      -0.456924218614
        0.402068325500      -0.147736572587
        0.068672315800       0.789459471828
        0.019826364100       0.222226851671
   2 1 1   7 1
      383.928134136900       0.006153075031
       82.484114582000       0.024800032017
       10.010661032000      -0.578598041315
        8.656359893600       0.760353406703
        3.167256724300       0.286361830238
        0.823153088000       0.061081735116
        0.745391427500      -0.026457993117
   2 1 1   7 1
       31.971495364200      -0.005894717412
       13.654232515900       0.157370612069
       12.550822855200      -0.222702593638
        3.643722925500      -0.076389257691
        2.385124490900       0.274742383384
        0.812005048200       0.817693680924
        0.306041062800       0.419120085189
   2 1 1   4 1
        3.220443532500       0.060832916192
        0.962012548800      -0.079113148752
        0.217677344400      -0.278770563134
        0.055671920300       0.955158331970
   3 2 2   7 1
      113.006444880700       0.046445340608
       32.357119543700       0.209985318177
        8.165719476100      -0.078753477311
        9.618688554600       0.581646028860
        3.804664918200       0.742993640608
        1.429054166900       0.239017935181
        0.307978832100      -0.008103091167
   3 2 2   6 1
       36.884464280200      -0.053670153169
        7.891873572300      -0.184744191646
        1.331367139800      -0.058483404234
        0.693766925700       0.530697846432
        0.192042107800       0.679044004541
        0.052459355600       0.465647748228
   4 3 3   7 1
       65.108841963900       0.061296548688
       23.989138691100       0.307750170432
        9.644222344800       0.552541667789
        3.827128578600       0.599961361778
        1.436286206900       0.443253127559
        0.481796070300       0.193934229720
        0.128061856300       0.046827501536
#
Lu qvSZP q-vSZP
  9
   1 0 0   8 1
      195.934399077800      -0.000492223654
       72.756868145200      -0.036052652167
       52.782334529100       0.021169017019
       37.436807364700       0.313132865339
       22.185934777800      -0.650505746743
        4.908873424500       0.675690322511
        1.679762395300       0.141806993710
        0.145567592200       0.019372232864
   1 0 0   8 1
      111.134095463800       0.004808646112
       45.979298240700      -0.055848007294
       25.828021044200      -0.044310909648
       19.586641884800       0.292643791330
        5.418292558300      -0.507967222795
        2.295716113100      -0.224060362700
        0.913471978700       0.721762119666
        0.385115739500       0.282983619197
   1 0 0   7 1
       11.911967540300      -0.116416660502
        5.744506995200       0.222742025942
        1.826191033000       0.176287391558
        0.935346414600      -0.466976980502
        0.348393648700      -0.182819325070
        0.073700728200       0.795006041333
        0.015574842100       0.149100284777
   2 1 1   8 1
      377.747428607900       0.012314232908
       81.673104089300       0.047758914896
       16.103397317400      -0.004067963802
       12.112510062600      -0.367372490196
        8.188165057900       0.725057980941
        3.332696926200       0.574003239245
        1.029270113000       0.082929020039
        0.827178697700      -0.022854629268
   2 1 1   6 1
       16.212686513300      -0.007249622178
       11.205547300700      -0.062872838128
        3.281840097700      -0.094153598918
        2.438455188600       0.311186459488
        0.853347446400       0.820288711925
        0.327467247900       0.466282066494
   2 1 1   4 1
        3.228245198200       0.062991990161
        1.296266939300      -0.069668800051
        0.226071115500      -0.256029284947
        0.049979830500       0.962095251378
   3 2 2   7 1
      135.059000424300       0.041527621726
       39.293798397200       0.203064811968
       12.449822054800       0.500699676351
       10.743215970600      -0.078357023797
        4.712384542400       0.758319182815
        1.791205749700       0.353693388238
        0.506872058300      -0.007290664516
   3 2 2   6 1
       37.716842282600      -0.059005017657
        8.363691641900      -0.159219048995
        2.043152754900      -0.050022716516
        0.692544167600       0.514684927905
        0.187172350200       0.743362107715
        0.051965925400       0.388815678647
   4 3 3   7 1
       70.882440508400       0.060329068301
       26.047068724200       0.299486472618
       10.416009017000       0.548287050512
        4.149799119700       0.603030768688
        1.569961318600       0.450266397297
        0.527279689900       0.198005824664
        0.046396629700       0.021385120003
#
Hf qvSZP q-vSZP
  3
   1 0 0   4 1
        0.655675352000       0.210717152893
        0.465592840300      -0.553454831048
        0.111942283800       0.571055337855
        0.035166458800       0.568490837722
   2 1 1   3 1
        0.356049229300      -0.197677568153
        0.143765568100       0.329375938240
        0.054905407300       0.923274103589
   3 2 2   5 1
        6.555159957300      -0.014838308984
        0.988887448800       0.372890632633
        0.398765264200       0.646333943492
        0.163344422000       0.502499663215
        0.062439363800       0.436438910547
#
Ta qvSZP q-vSZP
  3
   1 0 0   5 1
        0.660735822000       0.203681638467
        0.440294951300      -0.729914945726
        0.257772920800       0.431020248901
        0.096419471400       0.310978984457
        0.039297363200       0.378485902540
   2 1 1   3 1
        0.374148504400      -0.223401856103
        0.153906736100       0.405573170654
        0.063948049300       0.886341928341
   3 2 2   5 1
        6.081666869100      -0.022184063134
        1.072772606000       0.398471957737
        0.439946296300       0.653924779846
        0.180098680200       0.515077815279
        0.069829701500       0.384454409196
#
W qvSZP q-vSZP
  3
   1 0 0   5 1
        1.100335664400       0.138844813984
        0.586966047500      -0.543735426908
        0.143482340700       0.578960095726
        0.065993294400       0.250898791818
        0.038084714700       0.535657453020
   2 1 1   3 1
        0.453696355300      -0.191917702476
        0.148734877800       0.388608040622
        0.064051217800       0.901194421998
   3 2 2   5 1
        7.417972467600      -0.017437307064
        1.104208498600       0.485566647582
        0.447053077900       0.712739728382
        0.180588020400       0.441477179112
        0.082829561700       0.247024191100
#
Re qvSZP q-vSZP
  3
   1 0 0   5 1
        1.025828447500       0.186832951168
        0.637033806400      -0.565991844538
        0.138875627600       0.626818784663
        0.054280699500       0.180969556082
        0.048186405400       0.468075753740
   2 1 1   3 1
        0.409945985200      -0.274500662354
        0.226052753900       0.291417526696
        0.089844122600       0.916365217313
   3 2 2   5 1
        6.982773093200      -0.024041917688
        1.579565959600       0.037993928611
        1.124513805300       0.525787344550
        0.451021867200       0.714083604028
        0.161250581900       0.460011654582
#
Os qvSZP q-vSZP
  3
   1 0 0   5 1
        1.003108437600       0.203256074097
        0.662766561100      -0.568976529381
        0.141459880600       0.667477208091
        0.057271441500       0.328123633069
        0.024957250100       0.285940090679
   2 1 1   3 1
        0.508006382000      -0.302618052199
        0.147360227100       0.766796126383
        0.056810645800       0.566079513008
   3 2 2   5 1
        6.820276103800      -0.030277828856
        1.294910593900       0.529233516094
        0.553164743500       0.683931400234
        0.242687600500       0.435746788865
        0.103045228100       0.247704893553
#
Ir qvSZP q-vSZP
  3
   1 0 0   5 1
        1.001981712100       0.199381826438
        0.626197723400      -0.688911941254
        0.286507514300       0.433965774846
        0.088833088900       0.430104110845
        0.057250545700       0.335158745344
   2 1 1   3 1
        0.346932988500      -0.598283851282
        0.288547252200       0.653782938459
        0.079395649800       0.463275622795
   3 2 2   5 1
        8.415126189100      -0.022255716936
        1.325552329400       0.597041941079
        0.566121364000       0.665299930415
        0.265286037500       0.392282337032
        0.115969195800       0.215722447369
#
Pt qvSZP q-vSZP
  3
   1 0 0   5 1
        1.319189760300       0.133988282857
        0.748885840100      -0.483913871403
        0.125347901200       0.757946519402
        0.090470592900       0.104884644493
        0.035774698100       0.402977406558
   2 1 1   3 1
        0.507290354100      -0.254177751345
        0.157387939700       0.640477960276
        0.052846491100       0.724694179032
   3 2 2   5 1
        8.485279621200      -0.026053930658
        1.423399850900       0.590413037688
        0.612530137800       0.665596236941
        0.261034035700       0.422525259851
        0.101423142400       0.170844056916
#
Au qvSZP q-vSZP
  3
   1 0 0   5 1
        1.292132606300       0.122144476860
        0.742412519700      -0.488593993674
        0.149272652900       0.734526527493
        0.055651943500       0.060222035574
        0.047037114400       0.450777908685
   2 1 1   3 1
        0.502343670600      -0.312979416789
        0.180268995900       0.697640335441
        0.055968519900       0.644470206474
   3 2 2   5 1
        8.889679835500      -0.027214222870
        1.495360705300       0.635173710771
        0.661574307500       0.634845486608
        0.305450608800       0.398888596576
        0.133219455300       0.183501604558
#
Hg qvSZP q-vSZP
  3
   1 0 0   5 1
        1.377834183500       0.285045602301
        0.905132802900      -0.607716407450
        0.321016826300       0.043019983867
        0.134951937000       0.635983844237
        0.055584416500       0.378290369402
   2 1 1   3 1
        0.590464143800      -0.162318206436
        0.150270956400       0.642899543005
        0.034904715700       0.748553924218
   3 2 2   2 1
        0.066807074800       0.435909027738
        0.036807891400       0.899990733028
#
Tl qvSZP q-vSZP
  3
   1 0 0   5 1
        1.392280122100       0.366509160890
        0.977540780600      -0.678024861705
        0.281357320800       0.038959908545
        0.165678819500       0.586981034713
        0.057668210900       0.244721703793
   2 1 1   4 1
        1.173608644700       0.501072759235
        1.076233803200      -0.605911348170
        0.175516842600       0.390390155782
        0.059226773900       0.478949949766
   3 2 2   2 1
        0.717387993400       0.004755457106
        0.102200509000       0.999988692750
#
Pb qvSZP q-vSZP
  3
   1 0 0   5 1
        1.429768096200       0.308579895087
        1.037821418800      -0.645837884769
        0.520203624200       0.068277779573
        0.186251469200       0.652975863214
        0.062705631200       0.237975926981
   2 1 1   5 1
        1.274897081700       0.358785297084
        1.011667464200      -0.580063697093
        0.220918766600       0.545135759817
        0.076258231200       0.437599898669
        0.058921510200       0.214784892308
   3 2 2   2 1
        0.201371939500       0.041317753568
        0.084298002200       0.999146057011
#
Bi qvSZP q-vSZP
  3
   1 0 0   6 1
        1.561425734100       0.082387746745
        1.007814161700      -0.479606611990
        0.402150328100       0.152514036075
        0.187669879900       0.820660047642
        0.171060738200       0.110090629935
        0.055222389500       0.233080168881
   2 1 1   5 1
        1.368457525300       0.481685678185
        1.190268778500      -0.654050336221
        0.288233251900       0.296188908282
        0.146674522700       0.331636511599
        0.061644298400       0.377473734061
   3 2 2   2 1
        0.124346249000       0.134610216567
        0.112249777600       0.990898627305
#
Po qvSZP q-vSZP
  3
   1 0 0   6 1
        1.799127046600       0.401072827274
        1.354988245400      -0.729582020825
        0.694296035400       0.073453980847
        0.253269470000       0.515056180973
        0.146540336100       0.152755863082
        0.072807167300       0.113304684568
   2 1 1   5 1
        1.659118544800       0.229677916062
        1.241604062400      -0.446986429592
        0.251349332700       0.705335803130
        0.143255375500       0.249563892003
        0.076173843600       0.433209481966
   3 2 2   2 1
        0.159704334400       0.812476508238
        0.042512706700       0.582993930981
#
At qvSZP q-vSZP
  3
   1 0 0   6 1
        1.947790399700       0.334212796992
        1.302457119300      -0.754258524998
        0.559517833100       0.063192238536
        0.387105452500       0.299874467160
        0.230810564700       0.427512670017
        0.106022027800       0.206666024551
   2 1 1   5 1
        1.925862058400       0.108741267037
        1.223535781700      -0.332065866223
        0.330799789300       0.604486670044
        0.145944113900       0.655667049750
        0.066208793900       0.287409434334
   3 2 2   2 1
        0.178685980200       0.373669568847
        0.169533023400       0.927561886516
#
Rn qvSZP q-vSZP
  3
   1 0 0   6 1
        2.037365724500       0.378974282456
        1.497849926100      -0.715910850442
        0.350267623400       0.527626737850
        0.206788735900       0.057136054011
        0.154676027900       0.243662182780
        0.046924112600       0.053144943098
   2 1 1   5 1
        1.649822316200       0.309266476460
        1.385530792900      -0.491149964240
        0.387957483100       0.478073505251
        0.160367875100       0.634199409944
        0.052365512400       0.179896612444
   3 2 2   2 1
        0.182469465600       0.430273099879
        0.045556526200       0.902698764550
#
Fr qvSZP q-vSZP
  5
   1 0 0   9 1
       40.021139948100      -0.006449381616
       25.039863796700       0.016790450392
       11.635195837200      -0.036707148607
        5.281031521400       0.067892440788
        4.629492946700       0.048267048822
        1.393258658100      -0.588817120319
        0.468126979300       0.605671889456
        0.202022628700       0.526657411447
        0.149503449500       0.021861200444
   1 0 0   9 1
       10.172843589200       0.017898911839
        6.445004334000      -0.042313528118
        2.873606574700      -0.015029154562
        1.348475760500       0.295772175838
        0.598815079500      -0.306557698895
        0.209940423200      -0.488911799834
        0.042926879400       0.648634014832
        0.022803425200       0.392039311284
        0.009167183000       0.052429583710
   2 1 1   9 1
        7.090094735600      -0.016270713350
        4.730609432800       0.061311764602
        1.996097793900      -0.143387008409
        1.218957286700      -0.150180889344
        0.392392458700       0.753016206491
        0.145251704200       0.619753383687
        0.073154587800      -0.030193472167
        0.031738023000       0.025859018467
        0.012193517600      -0.012409644472
   2 1 1   9 1
        5.491750043700      -0.022167192343
        2.599386627400       0.054926475084
        1.438627364400       0.035328787599
        0.426928929300      -0.272988607106
        0.159327230800      -0.284437006885
        0.070421141100       0.190214293143
        0.033403011200       0.643249096474
        0.012893023200       0.492466621205
        0.005689125000       0.383851708030
   3 2 2   4 1
        1.153429051200      -0.030545862153
        0.492249580300       0.051738655923
        0.230555286900       0.486402231916
        0.087952209000       0.871666754314
#
Ra qvSZP q-vSZP
  5
   1 0 0   9 1
       42.651083967500      -0.007794273090
       27.222774915600       0.020617486610
       13.144219975400      -0.036696549547
        4.759041217800       0.068011586908
        4.881570379600       0.067653976747
        1.519156672900      -0.618468302460
        0.523178981600       0.564869741465
        0.245793779200       0.535676232173
        0.131936558500       0.020856739781
   1 0 0   9 1
       10.744624452800       0.016236290723
        6.715138433000      -0.042444330683
        2.815439039700      -0.015030609499
        1.481106475900       0.264447287307
        0.551595487000      -0.289459594894
        0.239084904200      -0.471937290799
        0.052542600600       0.730857505539
        0.019382264400       0.289268720603
        0.010348256500       0.058615911019
   2 1 1   9 1
        7.279676846600      -0.015937052574
        4.807003192500       0.067072752352
        2.109193112900      -0.144492139111
        1.350995387100      -0.177090824822
        0.433667102600       0.788177212564
        0.167499916400       0.565486309953
        0.069230740800      -0.032073129657
        0.033989042900       0.028335664385
        0.012113337900      -0.013358034037
   2 1 1   9 1
        5.250553793500      -0.023328634785
        2.554794808800       0.043073819096
        1.178558406200       0.040297292545
        0.323425827700      -0.274942067104
        0.164275221000      -0.262798946254
        0.068615229400       0.222287069024
        0.036251264800       0.676968075842
        0.014904847400       0.527505501747
        0.006959782700       0.255657488775
   3 2 2   4 1
        1.140309828000      -0.035266802585
        0.452886320700       0.048746820580
        0.245696822300       0.600595936693
        0.083141094700       0.797285721023
#
Ac qvSZP q-vSZP
  9
   1 0 0   8 1
      226.058186168600      -0.001127793320
       89.406983909900       0.009983940077
       42.044314252300      -0.051122078606
       20.066963225600       0.196373696990
        7.333410008300      -0.718378716933
        3.987660075000       0.401111837764
        1.789636762200       0.530416976900
        0.575355216100       0.020544987492
   1 0 0   7 1
       43.714020494400       0.009902630418
       19.867666258000      -0.082357606553
        7.869055007900       0.340242521165
        2.663011683900      -0.489474029364
        1.806144692000      -0.281231823150
        0.426920255100       0.703281423856
        0.281387436000       0.253126972942
   1 0 0   7 1
        6.001698062200      -0.125334046285
        2.863312142800       0.163724863084
        1.353421835300       0.256675847984
        0.417088603200      -0.486579097565
        0.375334676100      -0.191603399080
        0.050960372300       0.761625271879
        0.017101313800       0.195086953998
   2 1 1   8 1
      330.705763015200       0.000332834826
       29.479097489900      -0.007233849201
       22.753492301200       0.043628102675
        6.842418005900      -0.440226754169
        3.930464603400       0.435293390760
        1.926530004200       0.760877296888
        0.847905841200       0.188839490431
        0.478488401200      -0.013023214404
   2 1 1   7 1
       26.439439400400      -0.006450702684
        8.150877572400       0.236135576517
        7.685885097200      -0.205372452872
        2.361562478100      -0.329033589386
        0.890520574000       0.157627777881
        0.401114047100       0.785642315615
        0.173703053200       0.389457399661
   2 1 1   4 1
        2.280571819900       0.141881958564
        0.974991006600      -0.076030637720
        0.301348002700      -0.223044670443
        0.027150553000       0.961425986204
   3 2 2   6 1
       15.173263305700       0.077574532876
       10.718229954500      -0.204861729468
        2.772664066600       0.784490416538
        1.581832854400       0.318889366275
        0.958043878800       0.484349322154
        0.103278183600      -0.017434340068
   3 2 2   6 1
       11.139989629600       0.024898690363
        4.766286603000      -0.030208425788
        2.119575332700      -0.326105670024
        0.381926342800       0.474945865571
        0.154576484500       0.756351150746
        0.050714146900       0.307379179110
   4 3 3   7 1
        7.606521109700       0.017228016078
        3.060409278200       0.104210813684
        1.990493603000       0.372120377963
        0.780125700500       0.650926515129
        0.277237005700       0.590274326957
        0.191208011700       0.226308593338
        0.050980661600       0.164392936275
#
Th qvSZP q-vSZP
  9
   1 0 0   8 1
      205.362079144400      -0.001126788563
       92.997133497400       0.010752422782
       42.763179884400      -0.054997746247
       21.022577434800       0.201346457025
        7.654964158400      -0.711464611002
        3.647038574300       0.485026741779
        1.725663456600       0.463148570476
        0.594849391200       0.019456017578
   1 0 0   8 1
       44.640114524300       0.011048161935
       21.368372846900      -0.039245325085
       19.173711049300      -0.048639840156
        8.224334919900       0.351341708221
        2.809733030200      -0.493681157052
        1.918195222000      -0.295932459081
        0.474547591300       0.688786692886
        0.306106710300       0.258469919193
   1 0 0   7 1
        6.072604865700      -0.127195955931
        3.062484192000       0.162489902069
        1.422771076400       0.250322299528
        0.447044120000      -0.474220435307
        0.368790454900      -0.188328904412
        0.052946103300       0.771851585640
        0.016203403900       0.196594249980
   2 1 1   8 1
      309.006909026900       0.000337397573
       28.141475578700      -0.006817765201
       25.544476638300       0.041285718173
        6.853748654600      -0.424652739309
        3.823954414700       0.484935299663
        1.958983126400       0.740537224879
        0.865247878300       0.184918727969
        0.465699352400      -0.012898932844
   2 1 1   7 1
       30.662136734500      -0.007332903572
        8.268548347300       0.210230288275
        7.431420780000      -0.196775297430
        2.437038376400      -0.321259851260
        1.005631336800       0.161798729669
        0.439671724400       0.808154383693
        0.185826987900       0.366781553383
   2 1 1   4 1
        2.199116697800       0.134703069494
        0.998677423000      -0.079279650587
        0.311229947300      -0.206322246199
        0.027486762000       0.965919743454
   3 2 2   6 1
       16.419674629800       0.067043858982
       11.356854890000      -0.178709869603
        2.814717170800       0.853219999992
        1.392579238200       0.250766624666
        1.039199977800       0.415301820772
        0.138923507300      -0.014967722258
   3 2 2   6 1
       11.268260186100       0.023370872977
        4.830305142300      -0.030410998112
        2.326189062500      -0.317028899217
        0.407556777600       0.473928113704
        0.158439833800       0.781988001412
        0.047033731700       0.248814306743
   4 3 3   7 1
        8.161527628900       0.019578991599
        3.239415899700       0.109630844871
        2.310042736900       0.404226390367
        0.890394156600       0.685219971599
        0.325936578600       0.530665502260
        0.195562711700       0.225523759394
        0.054175216600       0.149015151760
#
Pa qvSZP q-vSZP
  9
   1 0 0   8 1
      270.277037828200      -0.001041548256
       95.909154856000       0.010503493975
       44.023285008500      -0.053463440363
       21.021324999900       0.218295212273
        8.172887940300      -0.714291055062
        3.804757593100       0.430077972537
        1.886357276100       0.503662337173
        0.663501184000       0.022867639714
   1 0 0   7 1
       44.484748679400       0.015206803507
       22.897024419400      -0.080385246748
        8.475884511200       0.330724094478
        2.974582576600      -0.428496425539
        2.176161063000      -0.346950283312
        0.499309281600       0.709719974538
        0.316277205500       0.276120282695
   1 0 0   7 1
        6.439975176900      -0.120108682593
        3.123112324100       0.158295665284
        1.446938903800       0.240740661007
        0.452171196100      -0.472552215838
        0.391242402100      -0.183296867762
        0.053623933500       0.769999152309
        0.015258836000       0.229691723569
   2 1 1   8 1
      290.299612628900       0.000334543144
       36.248354452700      -0.003623164779
       23.930443360500       0.042456765545
        7.424768436300      -0.445072320973
        3.864021285000       0.531223771826
        2.034869488800       0.694581225494
        0.965360409300       0.188056501063
        0.548208100900      -0.009369672715
   2 1 1   7 1
       28.584925331500      -0.008100692221
        7.926299079300       0.215196834990
        6.549434866700      -0.212977351107
        2.369590202600      -0.349201813431
        1.018915547700       0.200863732157
        0.454196271700       0.777118762226
        0.194156526500       0.376913296273
   2 1 1   4 1
        2.110773682300       0.128535281233
        1.052009720800      -0.075916003842
        0.323630876500      -0.198725757194
        0.026754121300       0.968619386171
   3 2 2   6 1
       16.961111814200       0.072339410550
       12.303924854400      -0.151803110844
        2.890940691900       0.868710897331
        1.101077582300       0.404684895804
        1.360074317300       0.230357588547
        0.111701168300      -0.015156470048
   3 2 2   6 1
       10.240368023500       0.023879873118
        5.250425313200      -0.037629691431
        2.503298025000      -0.311963472043
        0.397138109900       0.536053529656
        0.157297564500       0.739800326233
        0.049084634900       0.256972062183
   4 3 3   7 1
        8.040334172400       0.025848965623
        3.843015809400       0.125841540909
        2.451352622500       0.436951524981
        1.020480636300       0.704495993767
        0.412457960200       0.443486908423
        0.201724152400       0.266945243546
        0.055190908000       0.168267929646
#
U qvSZP q-vSZP
  9
   1 0 0   8 1
      255.475703288700      -0.000753887976
       87.086401459400       0.011733731481
       45.487739242400      -0.055925648921
       21.668738226900       0.226602300922
        8.633373206100      -0.723580007701
        4.240903186700       0.418451279295
        1.990309464500       0.496193475779
        0.632408989400       0.022538946602
   1 0 0   8 1
       51.115621457200       0.012485573415
       25.112854703700      -0.033566582881
       22.106455353900      -0.045724150909
        8.665574110300       0.353506233907
        3.315509842400      -0.435125954020
        2.192010097600      -0.354272620786
        0.534120352600       0.699071353403
        0.309175782200       0.260989648711
   1 0 0   7 1
        6.523046566200      -0.115444939446
        3.244957355500       0.156152900078
        1.402469931200       0.234188044004
        0.458078904400      -0.471299145244
        0.377901357000      -0.186496431635
        0.054841872500       0.775236437828
        0.016626911200       0.222596855195
   2 1 1   7 1
      202.694471321700       0.007358071268
       32.768491499900       0.038009630797
        6.672783208500      -0.438991579414
        4.220468801900       0.512577069683
        2.169045835300       0.709326039485
        0.951799247700       0.199185710131
        0.515897104800      -0.015293468573
   2 1 1   7 1
       82.188091267900      -0.005519218909
        7.105902065600       0.214286177943
        6.595226881000      -0.227452438811
        2.809597125100      -0.264148945618
        1.137685134100       0.198549221431
        0.482491775800       0.804472332208
        0.200102232400       0.382026397196
   2 1 1   4 1
        2.197340821100       0.136771354377
        1.092606681500      -0.087162782258
        0.317410261400      -0.208874572835
        0.029867607000       0.964400154933
   3 2 2   7 1
       23.399817088100       0.016435932732
       16.576984093600       0.057225710088
       13.190800910600      -0.130754930524
        3.042017269100       0.870383046107
        1.147661078600       0.413183841193
        1.471701748600       0.225370564252
        0.110272822500      -0.016697351847
   3 2 2   6 1
        8.614150533500       0.027447912602
        5.813483254400      -0.045060500379
        2.706695646500      -0.296509492462
        0.412226124100       0.556786139311
        0.145970971900       0.729428933249
        0.040151446500       0.259269957168
   4 3 3   7 1
       10.345205511200       0.028158743594
        4.693635503000       0.115242018920
        2.655389579100       0.476227550313
        1.114265308400       0.681694563473
        0.434968439700       0.485054396903
        0.173978577700       0.214107558158
        0.058561319500       0.115353327969
#
Np qvSZP q-vSZP
  9
   1 0 0   8 1
      288.096391753000      -0.001323599705
      104.914523286100       0.012541813435
       49.529778257900      -0.054488305319
       22.739278555700       0.221612795627
        8.912956536900      -0.721515420954
        4.211782888400       0.437013101956
        2.062515695200       0.485231312170
        0.721318813000       0.027301357675
   1 0 0   8 1
       50.758126751700       0.010570097909
       24.753629343700      -0.035530170849
       21.088613988000      -0.049390209306
        9.230977481900       0.346710408276
        3.433448240400      -0.421136730320
        2.301922673300      -0.354483824073
        0.573784334500       0.709616891930
        0.303142567400       0.263452689379
   1 0 0   7 1
        6.695400609300      -0.117153957183
        3.242843147100       0.163539420309
        1.486940122000       0.226836411428
        0.467906499400      -0.464561142545
        0.416240812000      -0.190588942449
        0.056335561200       0.783851044569
        0.017974209700       0.203743442971
   2 1 1   7 1
      222.491451740700       0.005041539089
       30.535017787000       0.036709338932
        7.361586124600      -0.435637668026
        4.266628064600       0.524599944528
        2.245453444000       0.703783068562
        1.016751560900       0.195492607705
        0.511958176100      -0.010665854601
   2 1 1   7 1
       67.552208955800      -0.006960629620
        7.531099633200       0.223568232616
        6.621877668100      -0.236986957493
        2.825568075700      -0.289626236801
        1.022155061600       0.199905693487
        0.495705415800       0.786630308765
        0.205336645900       0.388809839096
   2 1 1   4 1
        2.084750701600       0.131204324530
        1.185160911900      -0.087649946625
        0.304616712800      -0.202719464602
        0.028969234500       0.966440753876
   3 2 2   7 1
       21.933484319000       0.016036969525
       18.487563949700       0.057786879731
       13.997987283600      -0.128004284585
        3.155447110300       0.877028876391
        1.197798313100       0.398880429424
        1.503413620100       0.227016802601
        0.105249162000      -0.014018544955
   3 2 2   6 1
        9.064105724900       0.024780576809
        5.947771416900      -0.043794993726
        2.838844038200      -0.284718827847
        0.415408681200       0.559465280468
        0.146574884800       0.726243320488
        0.039611105100       0.275630821943
   4 3 3   7 1
       12.196472695300       0.027277092241
        5.155776878900       0.124715657538
        2.737071654900       0.530385560724
        1.126669771700       0.688586910433
        0.447970366600       0.427468129698
        0.199094971800       0.189522293969
        0.061995366700       0.097946347260
#
Pu qvSZP q-vSZP
  9
   1 0 0   8 1
      242.414578016400      -0.001898524315
      113.932497988200       0.011213559028
       52.775425098100      -0.052702071328
       24.619735664000       0.207542214374
        9.106856862200      -0.726764225590
        4.391193799100       0.508443227979
        2.069057552400       0.407932888867
        0.796265626700       0.030155847431
   1 0 0   8 1
       46.862374879600       0.010511088193
       26.576119309600      -0.034041842142
       21.082208642700      -0.049734542965
        9.324591193700       0.363911610745
        3.739180361300      -0.413609096886
        2.400472124100      -0.378734297224
        0.616151550800       0.680769395759
        0.312588907900       0.293029625953
   1 0 0   7 1
        6.630311735500      -0.118466050224
        3.546607701400       0.150521011661
        1.443032026300       0.235734707183
        0.460036996900      -0.466355372050
        0.394335508600      -0.208705033977
        0.064222819600       0.775535221199
        0.016154683900       0.212693122254
   2 1 1   7 1
      225.165845007600       0.008579100486
       37.493832648200       0.039757484186
        6.758037316300      -0.486379317710
        4.734941415200       0.529219147420
        2.436002960400       0.661948579215
        1.092557593700       0.208302881708
        0.509320416300      -0.011915651150
   2 1 1   7 1
       78.153544736600      -0.009349700605
        7.155175643200       0.205277349429
        6.502645004700      -0.224365697460
        2.839124001100      -0.320377768426
        1.439084351700       0.182601006138
        0.516019566500       0.812385840901
        0.204548275200       0.333883258449
   2 1 1   4 1
        1.985055828200       0.134221303261
        1.092023944000      -0.106604510124
        0.270078800500      -0.207356531436
        0.031684511100       0.963132072482
   3 2 2   7 1
       33.789702223200       0.014998307645
       15.974905224300       0.054255814177
       13.658678991500      -0.106049152705
        3.299495841000       0.884203760183
        1.275263175100       0.395686763662
        1.496014004700       0.216915310379
        0.090460071400      -0.012181061958
   3 2 2   6 1
        9.228404401500       0.020473252203
        7.060187520800      -0.037889989757
        2.968689767300      -0.281912933833
        0.433093594300       0.545542772129
        0.150341889400       0.744744871092
        0.039502606300       0.257698376242
   4 3 3   7 1
       17.553107843000       0.021736866337
        6.167157192500       0.126295700648
        2.922464955100       0.570623457666
        1.174624280700       0.682443838268
        0.471880708300       0.373216720379
        0.219954474800       0.205555609026
        0.058954283600       0.103403834737
#
Am qvSZP q-vSZP
  9
   1 0 0   8 1
      240.855453858300      -0.002002599638
      122.598831616100       0.011103021164
       55.944572746600      -0.050053921602
       25.386321910700       0.209347408874
        9.576299382600      -0.729474065728
        4.678092849600       0.476878071451
        2.247982578200       0.439413735892
        0.825448485400       0.030190080408
   1 0 0   8 1
       47.055383472400       0.010583616033
       26.838767698100      -0.034015039315
       21.240807459000      -0.049230717868
        9.712274845000       0.359786734540
        4.200587957200      -0.397107597963
        2.496339089500      -0.371161250252
        0.643731527700       0.704284127449
        0.308609219200       0.274571586321
   1 0 0   7 1
        7.042450077900      -0.112796607756
        3.577582645100       0.152406713024
        1.517727407000       0.223055057992
        0.474116515300      -0.446093431285
        0.450558431400      -0.196844963794
        0.056880778600       0.793026069492
        0.016443290900       0.218306949289
   2 1 1   7 1
      207.096808431800       0.011501258202
       37.554346964400       0.045841134401
        6.839747106100      -0.497614095762
        4.902261921100       0.566377394800
        2.426092885400       0.629296961138
        1.107615213300       0.182253513459
        0.535007636100      -0.011496144997
   2 1 1   7 1
       82.583298969000      -0.010617683279
        6.985445764600       0.197771834608
        6.650012352600      -0.220196274478
        3.049885947800      -0.286743282554
        1.618812536700       0.206888158335
        0.546862348600       0.804171433757
        0.209937486100       0.374928062332
   2 1 1   4 1
        2.034925924600       0.131834165736
        1.094410749300      -0.103684258521
        0.280631883500      -0.207605577199
        0.031866981900       0.963726751520
   3 2 2   7 1
       38.620046086200       0.015308582327
       15.626528864400       0.048570415485
       13.495594127400      -0.092751426962
        3.457829496400       0.882477391193
        1.300209845900       0.396907616872
        1.635470454100       0.228757660863
        0.097931659400      -0.013102104505
   3 2 2   6 1
        9.253303261000       0.016746252155
        7.189831251800      -0.038207692113
        3.157632621000      -0.257937439119
        0.433540081000       0.545267975234
        0.142229462000       0.714457223213
        0.040232938100       0.352081985035
   4 3 3   7 1
       22.006423483900       0.022944150498
        6.886312552500       0.150268473808
        3.086873798700       0.572553124529
        1.277779736000       0.664546927092
        0.535541643800       0.387673113176
        0.242187880900       0.215197191826
        0.058630183000       0.104177631826
#
Cm qvSZP q-vSZP
  9
   1 0 0   8 1
      226.465130558600      -0.001706516390
      123.946501716000       0.010898196909
       56.459498545500      -0.047485738198
       25.434073086600       0.209780283253
        9.900318057400      -0.735251223224
        5.119735018900       0.456538042956
        2.369038075100       0.451309331627
        0.849465323000       0.030235670978
   1 0 0   8 1
       47.952087559000       0.010059359067
       27.907055926300      -0.034993639473
       22.234545675200      -0.047732148813
       10.118596194800       0.358631822834
        4.137450144000      -0.406440396481
        2.628022853900      -0.369833452607
        0.660251155700       0.702584230272
        0.317322171100       0.268670677458
   1 0 0   7 1
        6.934115340000      -0.110308102316
        3.622508274300       0.149118662527
        1.504746071600       0.222749223374
        0.485579614400      -0.443667549726
        0.450134795200      -0.192714977103
        0.056711058200       0.795194506075
        0.015731072900       0.222854820374
   2 1 1   7 1
      215.152440204200       0.013147330499
       39.424550848000       0.049386942142
        6.932044493600      -0.502824727000
        5.021021893100       0.585650665861
        2.480250534700       0.607160069879
        1.138396292500       0.181051810902
        0.506578671800      -0.012064843745
   2 1 1   6 1
       91.181283620200      -0.010729836426
        6.527577913200      -0.023979998068
        3.545900145600      -0.224734728116
        1.558777837900       0.224574539995
        0.566503492900       0.859296428514
        0.218086563700       0.399975069485
   2 1 1   4 1
        2.082295981900       0.128808115187
        1.123892645500      -0.100916596020
        0.286406304400      -0.207754123651
        0.032878633500       0.964397498035
   3 2 2   7 1
       42.875400043500       0.015665269788
       15.327562255700       0.046746151679
       13.068294257400      -0.083799109018
        3.640593765000       0.875699432903
        1.383859252800       0.424031605598
        1.717093529000       0.209116945349
        0.103021153500      -0.012841720665
   3 2 2   6 1
        9.408367928400       0.017183101633
        7.492056709500      -0.040883982962
        3.270790480900      -0.260331823379
        0.448805544500       0.564699231208
        0.146342726300       0.740475897122
        0.039343375300       0.251139018763
   4 3 3   7 1
       25.326728621400       0.024981299293
        7.700913813800       0.172818105709
        3.236743979200       0.606157346972
        1.354837081400       0.649147085688
        0.575121177200       0.376271490458
        0.260544849700       0.188829830468
        0.064317280400       0.058772693259
#
Bk qvSZP q-vSZP
  9
   1 0 0   8 1
      237.354898043000      -0.001646470011
      122.492361822500       0.010757216001
       57.096750920400      -0.050595289577
       26.352307097300       0.221447859661
       10.486232461200      -0.737237652691
        5.375058973700       0.452679444950
        2.465178902900       0.446089546245
        0.829985928500       0.029130977861
   1 0 0   8 1
       46.806221823900       0.010438759502
       28.606807016300      -0.035886177682
       23.091823683700      -0.048690158583
       10.563125706100       0.361794209978
        4.330302569500      -0.408909853832
        2.718629318900      -0.374325674277
        0.714014469400       0.694457368578
        0.316199254000       0.275207952064
   1 0 0   7 1
        7.495098952600      -0.111869007161
        3.424330379300       0.139044834905
        1.586471340400       0.212198576819
        0.488242357900      -0.432775962066
        0.456150193700      -0.186190876905
        0.053940396100       0.809621545069
        0.017211633400       0.213715935050
   2 1 1   7 1
      223.746081342400       0.015610536478
       42.421535933400       0.054402747487
        6.852156399300      -0.509866136840
        5.109453763400       0.597439276865
        2.551391505800       0.590089254888
        1.151141036200       0.177091755534
        0.559025738600      -0.018239149313
   2 1 1   6 1
       91.268530378200      -0.014456594387
        8.019582152600      -0.021026652645
        3.547923971000      -0.268141266756
        1.770504457600       0.253184885793
        0.591073620400       0.826747160337
        0.225928505800       0.424070388380
   2 1 1   4 1
        2.224357891900       0.131312071232
        1.180460317800      -0.103966819742
        0.286800259100      -0.213900716054
        0.034514316400       0.962390006189
   3 2 2   7 1
       50.224405812400       0.018999136741
       15.672514729100       0.056696080923
       12.638326897300      -0.064123569407
        3.836706845500       0.866064768382
        1.447779212200       0.428421245386
        1.843183996000       0.241773857012
        0.107913779100      -0.015659201558
   3 2 2   6 1
        8.188942131800       0.017034461556
        8.190176529400      -0.040388721210
        3.640881277400      -0.266591252860
        0.452630690100       0.615754359638
        0.147398101300       0.696097200260
        0.041595990100       0.251600752370
   4 3 3   7 1
       26.916094807800       0.026658003655
        8.248796920800       0.176573761946
        3.408340978600       0.615705525214
        1.423264747200       0.615812447651
        0.589495881800       0.403362215861
        0.241312675300       0.196982043763
        0.061660424400       0.091048285116
#
Cf qvSZP q-vSZP
  9
   1 0 0   8 1
      152.427027901000      -0.001306579823
      127.525509288100       0.007433727189
       56.771945124200      -0.051082082257
       27.735827735000       0.233765979225
       11.137842302900      -0.735745533227
        5.279423552700       0.491616120470
        2.474406183600       0.398958600927
        1.236641776700       0.022610960959
   1 0 0   8 1
       50.600903339800       0.013503485652
       31.425685866100      -0.036480975831
       25.297784298900      -0.052077251846
       10.755459429900       0.393306245824
        4.461311364600      -0.405657294488
        3.095403852100      -0.392380295251
        0.701385381500       0.667328967773
        0.327908999900       0.277915208674
   1 0 0   7 1
        7.945957605300      -0.125110253630
        3.891191821700       0.195484366395
        1.696405779400       0.180460752362
        0.519127885700      -0.415018687156
        0.484631396300      -0.229454051874
        0.063598141400       0.801199617346
        0.021216031600       0.216232986250
   2 1 1   7 1
      241.933784542800       0.023095294013
       46.794451227500       0.077453732579
        5.761241101500      -0.588043264904
        5.201464785900       0.601388050167
        2.427381940000       0.515616156944
        0.890960050100       0.141665085503
        0.580577652800      -0.008720130163
   2 1 1   6 1
      104.799179267600      -0.024868222998
        7.691275843300      -0.209651390674
        6.028970320200       0.058883180020
        1.790190880500       0.478702222969
        0.632039344600       0.738139996241
        0.235050309400       0.421846138607
   2 1 1   4 1
        2.059288453700       0.150128809781
        1.094828172800      -0.111926330278
        0.305687053700      -0.223155761708
        0.035985860000       0.956627065831
   3 2 2   7 1
       56.590145591900       0.020455257269
       16.806561755000       0.054263313894
       12.801739481600      -0.049670371078
        4.105850255000       0.852300014183
        1.481424847900       0.441693432853
        2.078957900600       0.268856350422
        0.093959748200      -0.019436807555
   3 2 2   6 1
       10.296535706800       0.019835553950
       10.296196172700      -0.045796939564
        3.708747351500      -0.243596386006
        0.440561685600       0.654829167038
        0.134167198400       0.623737431201
        0.049137429900       0.346872268661
   4 3 3   7 1
       28.877886284300       0.041914265840
        9.070314648100       0.228998874425
        3.626109065800       0.611836796646
        1.560037376600       0.592553007802
        0.660757888700       0.424471777399
        0.252371026400       0.189554724072
        0.061266922200       0.065054544962
#
Es qvSZP q-vSZP
  9
   1 0 0   8 1
      176.453436660300      -0.001300977102
      115.802235056800       0.007734154133
       57.465316874700      -0.065302189319
       29.764444729800       0.268582466716
       12.099053012100      -0.739418536397
        5.630225959600       0.397686675724
        2.837816259300       0.466323650415
        1.406324989700       0.034429086688
   1 0 0   8 1
       53.361504830100       0.011464452082
       31.027255152400      -0.036997385315
       26.330419743100      -0.047840697837
       10.849228043300       0.403584298824
        4.609536477800      -0.403210478923
        3.525276224800      -0.378976502974
        0.701242962500       0.672725454066
        0.346530467400       0.273073844451
   1 0 0   7 1
        7.688242965000      -0.120213143613
        3.781324920100       0.188662777102
        1.845347710800       0.163345801979
        0.528630494200      -0.400700975209
        0.472063927900      -0.225477333672
        0.063746401300       0.819630130224
        0.021682211700       0.200196043195
   2 1 1   7 1
      268.198588017900       0.021148824791
       49.192858488100       0.074802450403
        5.524305176900      -0.620228717476
        5.073793353200       0.639534802166
        2.286252657000       0.424339171034
        0.838183796200       0.141885881309
        0.549860865100      -0.008576716818
   2 1 1   6 1
      113.380552301500      -0.035665102948
        8.884709853500      -0.211785219865
        7.082371322300       0.044579014121
        1.843752636700       0.558414552204
        0.663163892700       0.699642230845
        0.236190620300       0.388022769026
   2 1 1   4 1
        2.164087774500       0.160877341963
        1.096530288900      -0.115781131803
        0.312333810100      -0.224656139728
        0.036792837300       0.954066470034
   3 2 2   7 1
       59.029841211800       0.022634078718
       17.792276693600       0.061674567969
       13.319819834200      -0.046248376051
        4.309145079000       0.849660448229
        1.531449856400       0.430783942739
        2.148180534100       0.292761818468
        0.093907052900      -0.018381210485
   3 2 2   6 1
       11.749104996800       0.022519756214
       10.670070353800      -0.048320918889
        3.835174347800      -0.259130080592
        0.464260054400       0.686895295736
        0.144025505500       0.609395960053
        0.057297611600       0.294653978894
   4 3 3   7 1
       33.003539282800       0.043348737763
       10.555551175000       0.227355839621
        4.064115317900       0.601093420803
        1.683204066000       0.613342662455
        0.683924018400       0.413214407486
        0.255932460000       0.183853163416
        0.057902957100       0.066178204511
#
Fm qvSZP q-vSZP
  9
   1 0 0   8 1
      185.577414824200      -0.001135404300
      135.161457665200       0.005361954130
       57.828884950900      -0.066928206348
       29.690790267200       0.312563295856
       13.289972563500      -0.742492816722
        5.626930374200       0.395237259814
        2.770113249900       0.435125121138
        1.516343684700       0.030867719547
   1 0 0   7 1
       52.594895827100       0.011314387937
       27.889757042100      -0.082590538480
       10.685489045900       0.424934100840
        4.885862721600      -0.398151300547
        4.140030299000      -0.370739687135
        0.714826400200       0.656858008519
        0.373400889400       0.291628154371
   1 0 0   7 1
        8.236939912100      -0.116765496747
        4.213714110800       0.171372823759
        1.832737911100       0.172643792977
        0.506098833700      -0.436552538516
        0.504856763700      -0.197315651601
        0.070066531800       0.805059826141
        0.021096900400       0.222617128441
   2 1 1   7 1
      481.000016052000       0.007898736741
       42.802312809500       0.050943905916
        6.029449823900      -0.526294422474
        4.895297257700       0.561478624268
        1.547612135400       0.567430267532
        0.419205564500       0.288204789889
        0.635431224800      -0.007691186157
   2 1 1   6 1
      129.371576641000      -0.051846287143
       19.955165293000       0.006033830863
        9.718180788800      -0.189450541326
        1.674448436700       0.732692485059
        0.673505051800       0.479777542227
        0.314524641000       0.440861973977
   2 1 1   4 1
        1.896180624800       0.156159736791
        1.033597521000      -0.098280449012
        0.361433810200      -0.206044045282
        0.035167029900       0.960989563602
   3 2 2   7 1
       67.571941621600       0.022029728835
       19.922540888600       0.069935593767
       14.382844923000      -0.033182546479
        4.466913534300       0.849924333467
        1.590201810600       0.422369468035
        2.218951297400       0.303739783610
        0.099402377700      -0.022303051047
   3 2 2   6 1
       11.251260725100       0.023973382657
       10.224268930100      -0.049651747722
        4.135830568500      -0.256921582402
        0.463562588200       0.708499788108
        0.159471786300       0.616951158888
        0.061298285500       0.219887696714
   4 3 3   7 1
       33.032196099400       0.049604526742
       10.777662800200       0.241074070831
        4.300914805700       0.574398845713
        1.850652304800       0.611209195083
        0.755384182400       0.437540940690
        0.281111272400       0.196526666684
        0.066332537300       0.076466748920
#
Md qvSZP q-vSZP
  9
   1 0 0   8 1
      183.234023230500      -0.001555190163
      127.174197443000       0.008263214045
       62.558672931000      -0.063138722045
       31.188722969100       0.278154507085
       13.185871956700      -0.738808391915
        5.819274880400       0.405370254462
        2.975985723000       0.454596928973
        1.120352864700       0.041852379227
   1 0 0   8 1
       45.153989703200       0.011884222274
       33.982643697600      -0.029822051437
       27.018154176500      -0.053229100345
       11.899847554500       0.368001423784
        4.601385470200      -0.382723091295
        3.965901103600      -0.368178597981
        0.743049648500       0.711540105770
        0.352454398800       0.269052520407
   1 0 0   7 1
        8.047891186800      -0.115835086139
        4.095787934500       0.180282611319
        1.632593141800       0.182874564413
        0.563692928500      -0.401568989197
        0.489039256700      -0.229565836551
        0.063617069200       0.819080931142
        0.022485493300       0.189170844502
   2 1 1   7 1
      294.725600942100       0.022569055625
       53.572558880000       0.078925796796
        5.551811929400      -0.591808881698
        4.827040305700       0.672280784694
        2.275692954200       0.408708333933
        0.847598990800       0.154810528048
        0.705423162300      -0.007304011404
   2 1 1   6 1
      123.519966049600      -0.035751773754
        9.526881211900      -0.210627353672
        7.480653962000       0.046895440985
        1.968261388200       0.583940101971
        0.687378879000       0.673388370283
        0.243174224000       0.397140788954
   2 1 1   4 1
        2.076290008700       0.150159221022
        0.988969371100      -0.107236607197
        0.324794213800      -0.222328999480
        0.036346201600       0.957351729726
   3 2 2   7 1
       70.301717214800       0.022876013535
       19.529706305200       0.067020995524
       12.754852185400      -0.033775651618
        4.538445877100       0.866431309733
        1.638879922800       0.412574381526
        2.153324418300       0.269405785103
        0.099681830100      -0.018540973479
   3 2 2   6 1
       14.313727714400       0.021139806589
       11.375066603000      -0.049770269249
        3.777834918500      -0.231834671312
        0.465119013300       0.642205498873
        0.171667076500       0.656081116433
        0.046566855400       0.316951699683
   4 3 3   7 1
       34.816182926200       0.046241566100
       11.218352445500       0.230385176919
        4.397035037500       0.615489411941
        1.803893659200       0.619676947243
        0.708222752900       0.396036626275
        0.250726882500       0.150645672042
        0.062412834500       0.049178499445
#
No qvSZP q-vSZP
  9
   1 0 0   8 1
      187.088603015700      -0.001724266155
      124.408355822800       0.008062464528
       63.220405947400      -0.061855702823
       32.052221786600       0.286393102754
       13.837781287100      -0.733877662576
        5.115320376300       0.467556050192
        3.118864987200       0.393848880591
        1.439306158500       0.042223948801
   1 0 0   8 1
       47.060296482900       0.012456241718
       36.982305074400      -0.031302366595
       19.330595553400      -0.037041543509
       11.063712671500       0.350207101043
        5.213726017500      -0.352260139453
        4.351705498100      -0.346055752333
        0.763024858200       0.758318889089
        0.328548301400       0.236555674634
   1 0 0   7 1
        7.315618311000      -0.122012465095
        4.020942824700       0.175590424984
        1.696788971000       0.189174504147
        0.549734264100      -0.393416053909
        0.494413680000      -0.268799797023
        0.073085710000       0.799894268722
        0.023267545500       0.227230289595
   2 1 1   7 1
      301.738445151700       0.021195117376
       55.913299161400       0.073112803001
        5.686875782700      -0.615561384727
        5.058715833300       0.649724522538
        2.632546997500       0.407761807388
        0.924749042900       0.163438938312
        0.549879724500      -0.012865976901
   2 1 1   6 1
      128.185703513500      -0.031562827869
        8.745062897600      -0.220541497091
        4.472411868000       0.060593930809
        2.282403239700       0.513180956829
        0.797440807000       0.699945943499
        0.280650419300       0.439789260026
   2 1 1   4 1
        2.369923353300       0.152311706397
        1.148387448900      -0.122460497492
        0.317452918300      -0.200716031516
        0.037879611600       0.959957105990
   3 2 2   7 1
       77.850516462000       0.022558399122
       22.969001327400       0.061758705845
        7.657711100600      -0.048081717376
        4.777197085100       0.862068775324
        1.891894902200       0.442453255130
        1.832809118300       0.232763177722
        0.080016375500      -0.016092733413
   3 2 2   6 1
       11.857367689400       0.019854983458
       14.544059540000      -0.044486206208
        4.480603195400      -0.245765068271
        0.495239855700       0.592010856188
        0.172481438400       0.732740085748
        0.049481412200       0.223251878382
   4 3 3   7 1
       33.248477098200       0.062691180944
       10.723671470200       0.288422854192
        4.146783348500       0.651027813068
        1.701391309500       0.583174431090
        0.670126367700       0.366439574534
        0.249363018700       0.111280927812
        0.065207715600       0.047864766439
#
Lr qvSZP q-vSZP
  9
   1 0 0   8 1
      228.702401401800      -0.001447756593
      119.485764704600       0.014903384961
       62.460100966300      -0.100469917741
       34.549519578400       0.317676404267
       14.458926968000      -0.713332748535
        2.872714697300       0.298851446685
        5.104854239900       0.536765889820
        1.193895779700       0.049898628499
   1 0 0   7 1
       43.753348356500       0.011254665790
       31.206346272900      -0.071078996871
       13.123565867800       0.302266086478
        4.548784339800      -0.311888687985
        4.526147420300      -0.379776919247
        0.836210574900       0.783485007426
        0.357392075000       0.219322827631
   1 0 0   7 1
        8.572277722700      -0.114782317354
        4.322175800100       0.186168262281
        1.736916922300       0.172503707935
        0.646250571500      -0.383743595168
        0.494225372000      -0.237680281975
        0.069609998500       0.829583275354
        0.019570102000       0.174497548615
   2 1 1   7 1
      293.401167730600       0.029817857732
       57.592714007500       0.095191829734
        7.387520649800      -0.438953929411
        4.971263098300       0.710344165484
        2.681513225400       0.513250166771
        1.338776029700       0.170402404189
        0.540159072900      -0.017813261510
   2 1 1   6 1
      126.966478589800      -0.019369332953
        8.402278469900      -0.198547564462
        6.007415565400       0.065711357313
        1.940692469200       0.449996253537
        0.697523763600       0.755092539055
        0.285528808400       0.428047124011
   2 1 1   4 1
        2.017639683500       0.118185376792
        1.358723567000      -0.099577464211
        0.286642440500      -0.187494076749
        0.033598432500       0.970032224474
   3 2 2   7 1
       68.800641214300       0.013935896670
       22.601938653700       0.043836400031
       16.448515083600      -0.071083814154
        4.749270268100       0.874476145011
        1.712178218700       0.397767652671
        2.423406104100       0.263731484074
        0.128073936900      -0.018690178825
   3 2 2   6 1
       12.939443046800       0.020798477626
        9.627437396900      -0.054821801507
        4.193809978700      -0.236095267935
        0.507294433800       0.707131204093
        0.152066655300       0.620659454219
        0.054313414100       0.235729336218
   4 3 3   7 1
       35.005922621000       0.045982130788
       10.987923759000       0.241075917026
        4.370022959100       0.649017077196
        1.818837780900       0.618299444107
        0.724587747500       0.356438357352
        0.277746498800       0.091609363203
        0.051778071600       0.028462234378
#
